pick_order,scene_token,name,part,location,vehicle,num_samples,anchor_for,night,rain,construction,busy,description,th_barrier,th_bicycle,th_bus,th_car,th_const_veh,th_motorcycle,th_pedestrian,th_traffic_cone,th_trailer,th_truck,vx_drive_surf,vx_other_flat,vx_sidewalk,vx_terrain,vx_manmade,vx_vegetation
0,82240fd6d5ba4375815f8a7fa1561361,scene-0750,7,boston-seaport,n008,41,const_veh,False,False,False,True,Wait at intersection; parking lot; traffic chaos; truck blocking us; cross busy intersection; cyclist; parked cars,0,20,0,568,281,0,103,0,110,244,301716,0,130698,9044,349037,116209
1,93bdbe60d6d0495cbb39d6c811554905,scene-0247,3,boston-seaport,n008,39,traffic_cone,False,False,True,False,Construction vehicle; cone; lots of barriers; construction zone; cluster of pedestrians,1208,54,22,290,74,0,1209,1575,0,114,448164,420,79369,95648,655471,0
2,52b30ecd104a4f4eab6f8f5684a73e56,scene-0127,2,singapore-onenorth,n015,40,motorcycle,False,False,False,False,Enter car park; jaywalker; parked motorcycles; pass a bus,0,4,40,1033,0,153,111,143,0,141,339486,4961,32590,123365,685438,201474
3,2575c1870ede486b8568279b4731e47e,scene-0448,5,boston-seaport,n008,41,trailer,False,True,True,False,Rain; parked trailers; parked trucks; fence; excavator; barriers; parked cars,279,0,0,108,33,0,10,51,617,238,375589,0,6006,11163,407898,66173
4,64eef73c4f564a3db415e965f6460012,scene-0586,6,boston-seaport,n008,41,const_veh,False,True,True,False,Rain; construction; parked car; close to intersection,1893,26,0,299,254,0,77,302,38,213,196374,2880,27947,249385,180037,285980
5,2987b4494fcc4639bdd6d714a94b2c72,scene-0359,4,singapore-onenorth,n015,40,bicycle,False,False,False,False,Bus stop; parked bicycle; sparsely populated with peds; parking lot,0,117,0,410,16,0,432,111,0,60,371730,19765,78118,224182,510477,277191
6,3034b3f33e1d49f4a7b6c84bdea57004,scene-0537,6,boston-seaport,n008,41,const_veh,False,False,True,False,Construction zones; construction vehicle; pedestrian; oncoming vehicles,125,0,0,594,229,0,148,29,0,152,334909,0,189782,127437,450695,320250
7,0cc28fe2c1064fb9a51f1647c28ca564,scene-0377,4,singapore-onenorth,n015,40,bicycle,False,False,True,False,Lane change; cyclist on side walk; construction; left turn,477,158,0,169,0,0,179,68,0,40,454762,3773,188153,328557,435964,532819
8,373bf99c103d4464a7b963a83523fbcb,scene-0747,7,boston-seaport,n008,41,const_veh,False,False,False,False,Wait at intersection; peds crossing crosswalk; parking lot,0,0,15,215,287,0,144,0,82,119,162768,0,73652,0,174480,50439
9,a25d763258dc4526b52759b3ddaad7ec,scene-0687,7,boston-seaport,n008,41,bicycle,False,False,False,False,Bicyclists; many peds in sidewalk; turn right; bridge,0,154,56,527,0,0,1682,10,33,65,305734,38,77144,0,445214,158158
10,1d914f73a4a243c3acac50d24f083aac,scene-0352,4,singapore-onenorth,n015,40,barrier,False,False,True,False,Follow concrete truck; construction; traffic cones on the opposite side of the road,2759,0,11,112,60,0,238,161,33,52,313021,0,165093,396130,255847,960364
11,cfeb880362694fa7a428aec2fd139daa,scene-0763,7,boston-seaport,n008,41,bus,False,False,False,False,Fence; parking lot; bicyclist; buses; parked cars; ped with pets,1028,47,214,793,15,0,25,0,0,71,449602,0,2124,245448,312261,158945
12,3d42cd90a8184d9ebd3bb85b6416314d,scene-0260,3,boston-seaport,n008,40,bicycle,False,False,False,False,Waiting at red light; in front of turning cars; active bicycle in the right,0,135,0,625,0,0,293,0,0,118,143622,0,56834,0,349894,26976
13,3469d30a6e2a4d878fb0ff899346b7de,scene-0679,7,boston-seaport,n008,41,traffic_cone,False,False,True,False,Personal mobility; wheel chair; construction; peds; construction vehicle,1471,0,17,640,41,0,340,1773,0,120,583270,16113,75573,124608,597629,0
14,54ec146682e24683becfeab4124e8402,scene-0472,5,boston-seaport,n008,40,traffic_cone,False,True,True,False,Rain; construction; wheel barrows,100,0,0,367,58,0,137,1665,0,71,323586,89136,73970,19555,619489,29402
15,d4c5db6faa9f443795ad86561e9e556e,scene-0599,6,boston-seaport,n008,40,trailer,False,True,True,False,Rain; peds; construction; turn right; containers; cyclist,750,13,35,128,2,0,103,122,621,98,302226,21267,33414,93282,466626,81222
16,2bbae5e654224cbeb5884c471e2ad05e,scene-0688,7,boston-seaport,n008,41,bicycle,False,False,False,False,Arrive at intersection; many peds; cyclist; bicycle,0,155,41,854,0,0,675,0,0,93,229456,0,78538,0,515745,39563
17,37cfda558193400bbe3a5ff14ae4606e,scene-0647,6,boston-seaport,n008,41,bus,False,True,False,False,Rain; parked cars; parked buses,1719,0,228,365,14,0,0,6,0,127,254365,0,0,322152,271178,274362
18,f57957ebc5654b649a0786d993b64be4,scene-0133,2,singapore-onenorth,n015,40,motorcycle,False,False,True,False,Drive through parking lot; stopped bus; parked scooters; parked motorcycles; peds; parked trucks; approach barrier,0,11,40,1206,0,139,109,3,0,61,353554,0,35686,76264,659910,179817
19,cab845a2e8864482993ac62811f879c1,scene-0683,7,boston-seaport,n008,40,barrier,False,False,True,False,Wait at intersection; construction; start at intersection,1865,13,47,435,40,0,435,1657,0,8,298186,27447,69527,73560,497340,0
20,e757a98aa8794d448f65f5966b8ac954,scene-0447,5,boston-seaport,n008,40,trailer,False,True,False,False,Rain; parking lot; turn left,31,0,0,942,0,0,0,40,577,614,359849,45136,72762,66626,188447,521273
21,ed22649f50454a6ab71356780b2a2454,scene-0211,2,boston-seaport,n008,39,const_veh,False,False,True,False,Parked cars; construction area; construction vehicles,615,0,0,502,300,0,237,140,0,148,302509,4242,7548,262020,549498,53145
22,eac3102e4cc24d4b95532bcc711a902f,scene-0045,1,singapore-onenorth,n015,39,motorcycle,False,False,False,False,Full parking lot; peds; exiting from car park,0,47,33,1224,0,269,201,55,0,59,314261,2742,71776,95905,770550,156909
23,ab6eea0e06c84f70be411a9d36636a7a,scene-0170,2,boston-seaport,n008,40,trailer,False,False,False,False,Turn left; truck parked in the middle of the street; ego vehicle coming to full stand,0,0,0,179,135,0,35,21,574,509,761515,18158,82309,71101,312240,380391
24,5d709891c41d423687ae4ea0473cb9c4,scene-0585,6,boston-seaport,n008,41,const_veh,False,True,True,False,Rain; construction vehicles; cross intersection,731,0,0,1251,207,0,78,55,122,337,345831,0,87346,153793,293146,304315
25,77c9f156f8594ed59dcdacb8b877a7ac,scene-0660,7,boston-seaport,n008,40,trailer,False,False,False,False,Painted truck; parked cars,0,0,33,240,39,0,0,22,602,251,650264,842,1173,439,384300,29308
26,748894952b00431186308b387c2f424c,scene-0861,8,singapore-queenstown,n015,41,motorcycle,False,False,False,False,Wait at intersection; nature; scooters; peds on sidewalk; ped with umbrella; parked bicycle; taxi; jaywalker; delivery scooter; turn right,0,41,11,241,0,159,351,0,0,39,160119,0,57897,166498,255824,645449
27,2ffd7e2a1daf4b928464ddb2ed3dca59,scene-0171,2,boston-seaport,n008,40,trailer,False,False,False,False,Densely parked trucks,0,0,0,152,49,0,50,10,548,362,597317,0,9846,9791,336830,10001
28,cdeb0e85e43e481a87b2251351e10c2f,scene-1098,10,singapore-hollandvillage,n015,40,bus,True,False,False,False,Night; peds; scooter; bus; waiting at intersection,0,0,154,364,0,24,463,0,0,0,139626,22726,57978,141795,459176,440269
29,2dc89e0f9c6c4dbab908d341fab020c6,scene-0382,4,singapore-onenorth,n015,40,motorcycle,False,False,False,False,Turn left; parking lot; peds; parked motorcycles,0,8,0,2150,0,283,48,6,0,21,336389,262,49290,83840,631945,171105
30,5674c9e612cc4f7793330a361755830a,scene-0711,7,boston-seaport,n008,41,barrier,False,False,True,False,Change lane; truck; cars; cones; ped on sidewalk; bus; wait; car overtaking us,2495,0,39,327,40,0,363,1826,0,45,289297,1947,52775,150988,809770,0
31,52bb785dcb5548a1836898f14fb3cf6d,scene-0681,7,boston-seaport,n008,40,barrier,False,False,True,False,Wait at intersection; construction; bicycle; peds; lots of barriers and traffic cones,2111,71,40,189,40,0,530,1065,0,40,97802,0,42106,77023,348798,0
32,bd22f197e9f648cba8e307869479629b,scene-0600,6,boston-seaport,n008,41,bus,False,True,False,False,Rain; parked busses; parking lot,251,5,212,299,0,0,36,4,25,247,438551,0,79046,315838,194454,352238
33,d4d2faa310a748dda508d15c6d5c4244,scene-1019,10,singapore-queenstown,n015,40,,True,False,False,False,Night; scooter; light; peds crossing crosswalk; bus stop,104,0,32,270,0,38,1367,0,0,0,645045,6764,255993,1128824,288918,620349
34,ba76f4185aa34ed3bff467ac640da902,scene-0151,2,singapore-onenorth,n015,40,,False,False,True,True,Turn right; busy intersection; construction; peds; parked bicycles; construction vehicle; motorcycle,940,40,0,304,41,17,565,330,0,81,677856,61610,120455,244088,378555,593933
35,de7d80a1f5fb4c3e82ce8a4f213b450a,scene-1094,10,singapore-hollandvillage,n015,40,,True,True,False,False,Night; after rain; many peds; PMD; ped with bag; jaywalker; truck; scooter,0,73,49,571,0,21,1062,0,0,0,508181,41778,197481,70065,652407,702582
36,bf753f22bc524274bc359467e0be149c,scene-0848,8,singapore-queenstown,n015,41,,False,False,True,False,Parked bicycle; jaywalker; bus; peds on sidewalk; cones; parked cars,16,19,32,261,12,60,210,29,0,12,642212,37823,230558,329333,298195,1048530
37,3ace9decdd1f4ea0915b9862c95ca128,scene-1097,10,singapore-hollandvillage,n015,40,,True,False,False,False,Night; scooter; start at intersection; turn right; ped crossing crosswalk; bus,0,0,97,498,0,14,156,0,0,0,232032,14131,112677,152038,581002,453888
38,70368a18644046f898ab836fc8a3c03f,scene-0043,1,singapore-onenorth,n015,39,,False,False,True,True,Busy intersection; oncoming traffic; construction zone on the left,742,74,0,298,72,69,527,151,0,123,284289,1626,52920,70575,368220,354293
39,cc8c0bf57f984915a77078b10eb33198,scene-0061,1,singapore-onenorth,n015,39,,False,False,True,False,Parked truck; construction; intersection; turn left; following a van,1540,68,32,348,64,59,1393,1003,0,157,409855,37389,98466,173874,360021,479258
40,a2b64d02c5fa4b9bab671a97561b6b33,scene-1095,10,singapore-hollandvillage,n015,40,,True,True,False,False,Night; rain; lane change; cross intersection; scooter; bus; arrive at intersection,0,0,35,176,0,33,373,4,0,0,683846,60619,165842,528062,490318,560801
41,06c43bc74aff453081ce83eb126a756e,scene-0662,7,boston-seaport,n008,40,,False,False,True,False,Parked cars; construction; wait at intersection; jaywalker,392,20,0,859,190,30,332,435,89,297,394514,0,79443,161188,396323,124969
42,b528f78de55e41d9bb3382176dae1a4c,scene-0673,7,boston-seaport,n008,40,,False,False,True,False,Construction; bus; wait at intersection; ped crossing crosswalk,977,0,65,310,64,0,253,300,0,104,328701,35625,142151,22294,301656,202364
43,7bcc4753bdb64d2cb407b55cc4e4527f,scene-0356,4,singapore-onenorth,n015,39,,False,False,True,False,Arrive at intersection; construction; digger turning; peds crossing; bus,1573,0,51,549,39,65,589,616,0,214,255783,14671,96184,153033,246186,500766
44,d3d94f2ce3dc4db4b3ba6f4aa81c3987,scene-0738,7,boston-seaport,n008,41,,False,False,True,False,Trailers; peds on sidewalk; barrier; trucks; bendy bus; cross roundabout; cones; parking lots; cross intersection; bicycle,375,12,73,741,21,5,132,61,291,403,522004,17122,90843,86869,203173,379865
45,4db0eee3b82d49b198c1a411cf7f7d68,scene-0135,2,singapore-onenorth,n015,39,,False,False,False,True,Heavy traffic; sitting peds; parked motorcycles; 2 jaywalkers; turn right; busy intersection,223,0,11,173,0,32,444,97,0,63,334976,9011,63494,104403,415023,377935
46,85e8f6d6743a4897b5e07e685267868e,scene-0731,7,boston-seaport,n008,41,,False,False,True,False,Wait at intersection; cones; peds crossing crosswalk; parked motorcycle; bicycle; truck,82,76,0,1119,0,41,251,273,41,82,230626,45725,97289,20843,216027,661185
47,4ed628299b1e45a3a73704e8cf8287a9,scene-1053,10,singapore-hollandvillage,n015,41,,True,True,False,True,Night; rain; bump; peds; congestion; parked car,91,4,0,459,0,63,90,12,0,0,236282,5424,125822,90393,569653,705334
48,d987908d74794138b07d1237887bb441,scene-0392,4,boston-seaport,n008,40,,False,False,False,False,Cross intersection; bicyclist crossing; school bus; bicycle rack; jaywalker; peds; parked scooter,258,21,40,318,14,9,61,46,22,617,444840,70,203662,109852,403891,320757
49,20b987b503444b3d9996c8f66946afa3,scene-0734,7,boston-seaport,n008,40,,False,False,True,False,Wait at intersection; parked cars; cones; peds on sidewalks; parked motorcycle; peds on sidewalks; bus; stroller,80,39,141,923,0,40,250,270,39,143,244115,8412,127405,48634,247771,600733
50,76c632788f8c4516bef1c4297f2002f6,scene-0983,9,singapore-onenorth,n015,40,,False,False,True,False,Construction vehicle; cones; peds crossing crosswalk; peds on sidewalk; motorcycle; parked bicycles,746,19,0,258,33,62,321,611,0,66,456102,26744,132905,79332,415868,482749
51,27dc2edfb6524c7d8997ac3573ed2f3d,scene-0504,5,boston-seaport,n008,39,,False,False,True,False,Construction zone; cross intersection; peds crossing crosswalk; oncoming bus at intersection; parked car entering the road; sign trailer; bridge,322,0,39,741,0,0,813,144,41,146,348745,21348,206282,0,642607,182748
52,03ee880dd4e348f4b3407f0d073c7c70,scene-0021,1,singapore-onenorth,n015,40,,False,False,True,False,Wait at intersection; jaywalkers; parking lot; parked bicycle; turn right; construction; truck,617,40,40,678,40,0,381,153,0,75,351008,0,119290,295690,202436,836807
53,f0f7132494bc4045a21868aca13b56f9,scene-1016,10,singapore-queenstown,n015,40,,True,False,False,False,Night; peds; bus stop; bump; ped crossing crosswalk; bus,0,24,26,287,0,0,832,13,0,0,324699,11626,121620,158451,528388,815885
54,9c5dc664216e43a99d5da3f23d373e4d,scene-0592,6,boston-seaport,n008,41,,False,True,False,False,Rain; wait at intersection; turn left; huge truck; scooter,206,14,27,841,0,32,196,162,65,178,375159,36017,237727,49247,476707,998028
55,b57e1a48e584451f8f966ab083c8d07d,scene-1099,10,singapore-hollandvillage,n015,40,,True,False,False,True,Night; wait at busy intersection; peds; scooter on sidewalk; attempt to turn right,0,32,97,462,0,9,536,0,0,0,161190,32168,57812,130680,462605,444491
56,a6fae4900f8e46cba689b59b5bc8a2ab,scene-0648,6,boston-seaport,n008,40,,False,True,False,False,Rain; cross intersection; reflections; bicycle rack; bus,238,19,42,252,28,14,37,10,41,485,323974,0,134537,152663,377431,282550
57,73d9a36f20594e658020ebfc5b0ba74a,scene-0159,2,singapore-onenorth,n015,39,,False,False,True,False,Peds crossing crosswalk; barrier being pushed across crosswalk; turn left; peds,638,16,37,220,34,0,916,249,0,175,456459,29466,59049,209600,355591,548542
58,df0c3cb16cde410eba8eea191765515c,scene-0455,5,boston-seaport,n008,41,,False,True,False,False,Rain; bus; jaywalker; parking lot; parked bicycle; peds; bicycle rack,0,26,34,1583,0,0,571,62,15,476,282448,32928,67095,79513,549839,344268
59,798e8504b4364d378270333a349ef508,scene-0046,1,singapore-onenorth,n015,39,,False,False,True,True,Busy intersection; ped crossing; waiting for traffic light; construction zone on the left,762,49,0,274,72,39,554,48,0,8,299806,77,72260,75573,318728,319548
60,2cc8ffb250c44b42a888e9185810e04c,scene-0808,8,boston-seaport,n008,40,,False,True,True,False,Rain; trucks; cars; ped crossing crosswalk; cross intersection; cones,337,0,78,562,0,0,40,130,44,61,434974,78544,156876,0,317519,77030
61,25496f19ffd14bd088cb430bfc01a4d7,scene-0004,1,singapore-onenorth,n015,40,,False,False,False,False,Random scene; arrive at intersection; cross intersection; jaywalkers,1662,31,0,188,69,35,554,825,0,87,432547,23615,289,159856,514491,501555
62,d8a5dd6087de4e808c61c27f91e8216e,scene-0590,6,boston-seaport,n008,40,,False,True,True,False,Rain; cluster of traffic cones; wait at intersection; bendy bus,0,0,96,391,68,0,37,524,14,80,395931,109940,105544,5119,360596,410188
63,d033fb0d79ea42b9a356fa5162172598,scene-0880,8,boston-seaport,n008,41,,False,True,True,False,Rain; parked cars; parked bicycle; parked scooter; barriers; fence; bus; cones; turn left; peds,49,0,54,882,0,32,89,132,31,117,369969,11923,218754,112381,376128,992475
64,312102fd97de4bd4859374946e24ccdc,scene-0354,4,singapore-onenorth,n015,39,,False,False,True,False,Start at intersection; truck; bus; construction zone; parked bicycle,992,12,20,122,31,0,305,58,0,179,358403,22885,134017,248801,263383,959211
65,d3c39710e9da42f48b605824ce2a1927,scene-1108,10,singapore-hollandvillage,n015,40,,True,True,False,False,Night; wet front camera; rain; bus; wait at intersection; scooters,0,0,55,453,0,45,80,0,40,0,176531,1317,35347,69088,228513,333197
66,938479858b4849dd8ceddc11c154082b,scene-0877,8,boston-seaport,n008,39,,False,True,True,False,Rain; parked cars; barriers; cones; containers; truck; person standing on truck; ped; construction site; construction vehicle; parking lot; bus,1089,0,19,406,29,7,79,423,65,50,329749,0,123610,79557,453751,391672
67,2f9da038274a4448bdbb83f994fc6381,scene-0736,7,boston-seaport,n008,41,,False,False,True,False,Parked cars; ped crossing crosswalk; parked motorcycle; peds on sidewalk; turn left; cross intersection; fence; cone,1037,0,9,1403,0,30,279,52,20,48,476927,33354,173197,5622,416310,349765
68,34a9823fac0d4b9db30898e00b5f9f9c,scene-1017,10,singapore-queenstown,n015,40,,True,False,False,True,Night; ped; cars; bump; scooter; congestion,0,12,32,795,0,14,279,16,0,0,231426,3769,65581,452526,175030,1397612
69,c0d3796765e2452d990309b2568adac5,scene-0158,2,singapore-onenorth,n015,40,,False,False,True,True,Worker stopped ego car; worker removes cones; follow truck; heavy traffic; construction; peds,697,0,44,235,40,0,405,826,0,126,263962,22558,45000,229328,284514,424545
70,2131d9fd2c48418081875019e35cf6a2,scene-0892,8,boston-seaport,n008,40,,False,True,True,False,Rain; parked cars; barriers; peds; parked bicycle; parked scooter; bicycle rack; parking lot; crossing intersection,395,30,0,1263,6,35,366,102,0,155,269525,4844,162609,137473,367417,437636
71,30ae9c1092f6404a9e6aa0589e809780,scene-0716,7,boston-seaport,n008,40,,False,False,False,False,Wait at intersection; ped crossing crosswalk; cars; bus; peds on sidewalk; bridge; bicycle crossing crosswalk; turn right; parked cars,221,36,40,778,0,0,1112,9,40,92,534961,10065,249139,266,331347,284446
72,2121cc12888e47ce856dc5391f202594,scene-0358,4,singapore-onenorth,n015,40,,False,False,True,False,Wait at intersection; construction; heavy vehicle reversing; several peds waiting for crossing,1603,0,29,377,80,50,1146,964,0,115,205771,6588,48017,96424,199977,392659
73,717053dec2ef4baa913ba1e24c09edff,scene-0810,8,boston-seaport,n008,40,,False,True,False,False,Rain. Truck; buses; cars; peds; jaywalker; arrive at intersection,0,0,142,403,0,17,199,5,62,110,184321,0,129531,14378,561788,352525
74,8d267899e2e843d4905fafd1f12c0a20,scene-1085,10,singapore-hollandvillage,n015,41,,True,False,False,True,Night; many peds; parked bicycles; turn left; parked scooters; congestion; peds with bags; cars in parking garage on second floor; trash cans,0,100,0,467,0,63,869,0,0,9,644996,7848,287451,57223,911678,855425
75,41e0d46e715a476ab05e4d62e415ea41,scene-0700,7,boston-seaport,n008,40,,False,False,True,False,Overtake stopped cars; arrive at intersection; car overtaking us; barriers; turn right; stopped cars at red light; ped on sidewalk; parking lot; bus stop,944,0,0,1215,91,0,28,141,72,162,406448,14722,90014,287593,196933,494737
76,4047f251c21a475abb49518e0fa6fa9e,scene-0047,1,singapore-onenorth,n015,40,,False,False,True,False,Construction workers close to road; vehicle turn out; cross intersection,1155,12,6,158,39,21,396,211,0,34,444210,7539,109819,443611,392952,786191
77,5e270cfc71714e2bb94bad445c6159a4,scene-0259,3,boston-seaport,n008,40,,False,False,True,True,Busy intersection; tram bus; construction sign board; many peds; turn right; parked cars,97,0,44,737,0,0,1208,123,0,38,587601,10839,288844,5422,364603,437903
78,242ac1b59fec4e0c9c200ffca81775e2,scene-0998,9,singapore-queenstown,n015,40,,True,False,False,False,Night; roundabout; bus; ped crossing crosswalk,0,0,99,432,0,22,68,0,0,0,375186,2863,72975,408199,202969,967076
79,14b96c255dee4a838a8d401302ac2852,scene-0261,3,boston-seaport,n008,40,,False,False,True,False,Ped mending a bus; lots of barriers,866,0,101,418,39,0,117,300,30,72,510474,34243,176108,82524,450132,313651
80,f92422ed4b4e427194a4958ccf15709a,scene-0730,7,boston-seaport,n008,40,,False,False,True,False,Car overtaking us; cones; cross intersection; parked cars; trailer; peds on sidewalk; wait at intersection,689,51,0,864,8,22,160,245,13,86,441001,16097,203032,55041,353394,558119
81,f634de95cc7043b8b38ceaac67d472cf,scene-1044,10,singapore-hollandvillage,n015,41,,True,False,False,True,Night; motorcycles; dense traffic; congestion; arrive at intersection,19,0,28,622,0,48,24,0,0,67,421024,0,41071,131972,310562,788767
82,782f9486adbd4546a492e69b6697ef70,scene-0891,8,boston-seaport,n008,40,,False,True,True,False,Rain; parking lot; parked bicycles; parked cars; bicycle rack; turn left; peds; ped crossing crosswalk; cross intersection; barriers,823,0,0,1826,0,0,396,89,18,309,291554,565,167711,6077,526735,224969
83,221a67d95acf448ba863917ec4d32ed0,scene-0733,7,boston-seaport,n008,40,,False,False,True,False,Wait at intersection; parked cars; bicycle; parked motorcycle; peds on sidewalks; truck; bus; cones,80,22,35,874,0,40,139,280,0,180,164596,10626,80501,92540,193786,456340
84,55638ae3a8b34572aef756ee7fbce0df,scene-0517,5,boston-seaport,n008,40,,False,False,True,False,Construction zone; constructing vehicles; pedestrian; parking lot,407,42,24,455,58,12,259,143,65,42,333071,22486,176414,55252,538573,145707
85,e15260c4ed5b4505900d497ef92ddd2d,scene-0876,8,boston-seaport,n008,40,,False,True,True,False,Rain; construction site; cones; barriers; construction worker; parked cars; parking lot; bridge; peds,830,0,0,619,64,2,137,739,23,185,421842,72465,128042,76221,618968,111586
86,8461c1125eaf46c7abaf4ee18e8c4ee6,scene-0949,9,singapore-onenorth,n015,40,,False,False,True,False,Parking lot; barriers; people at parking lot; parked bicycle; cones; peds; jaywalker,845,80,0,555,0,14,111,214,0,40,305919,6254,68336,255386,257697,814251
87,e1e664292aa144bc8d0d5d6441df084c,scene-0809,8,boston-seaport,n008,40,,False,False,True,False,Truck; cars; cones; trailer; car overtaking us; bus,0,26,114,519,33,0,21,389,126,110,566754,139913,168973,10809,364358,337832
88,9771da5dd7bb4657be34365619e39dab,scene-1096,10,singapore-hollandvillage,n015,41,,True,False,False,False,Night; wait at intersection; peds crossing crosswalk; scooter,0,0,41,371,0,6,367,0,0,82,191519,17700,73715,149090,450586,291256
89,df8dfada99a04a81bd1b102eeb84e9bc,scene-0737,7,boston-seaport,n008,40,,False,False,True,False,Barrier; cyclist; parked motorcycle; parked bus; cones; truck,679,45,40,358,27,25,303,168,39,40,445940,0,159179,4860,365216,95294
90,94f224a2a36c4bbbab59120cc6c31f6e,scene-0150,2,singapore-onenorth,n015,39,,False,False,False,True,Oncoming scooter; scooters; busy intersection; walking peds,164,0,30,304,0,110,754,110,0,91,295600,6816,54847,119270,463848,375389
91,8e1f7ff7dc9940da8eeca3c06ae1aa4d,scene-0203,2,boston-seaport,n008,40,,False,False,True,False,Construction; bus; turn right; crane; parked cars; ped crossing crosswalk; ped with backpack; parking lot,439,0,37,995,7,0,300,1,69,178,370694,0,167719,173343,261272,430055
92,6e820d4c44b74793aacd0c7091488865,scene-1005,9,singapore-queenstown,n015,40,,True,False,False,False,Night; bus; peds; crosswalk; parking lot,0,0,39,194,0,0,375,71,0,0,576531,0,183542,702040,307689,734868
93,8fe2dd6f533646b39c8e81316597c52b,scene-0982,9,singapore-onenorth,n015,41,,False,False,True,False,Truck; barrier; many peds; cones; cars; wait behind intersection; construction vehicle; arrive at intersection,1718,0,0,300,79,80,403,324,0,142,201453,11150,70501,142133,223789,426838
94,08110c8640454affb5167801442a85fd,scene-0653,6,boston-seaport,n008,41,,False,False,False,False,Parked cars; jaywalkers; parked truck,59,19,41,769,0,104,179,183,259,440,436900,0,58092,47183,280187,74199
95,1b3b150c9d3e4e1593e7ce882a69f870,scene-0707,7,boston-seaport,n008,40,,False,False,True,False,Construction; peds on sidewalk; arrive at intersection; bicyclist on sidewalk; cross intersection; bus stop; parked cars,567,40,0,529,0,0,322,228,15,70,574406,51287,232759,28801,271131,142053
96,04e5f089805540a5a9e73c1b7c54ee8c,scene-1102,10,singapore-hollandvillage,n015,40,,True,True,False,False,Night; rain; scooter; cars; high speed; cross intersection; arrive at intersection,119,0,0,205,10,9,0,0,0,40,542742,72733,168938,43920,324405,965114
97,5b9c64f03f8b4a4f8189a18d74f866c2,scene-0663,7,boston-seaport,n008,40,,False,False,True,False,Parked cars; turn left; parked bicycles; construction vehicle,186,31,0,657,66,97,152,312,144,481,402160,1943,104527,41083,551717,174659
98,ab7f4909bc6c4841a12020355a7d505c,scene-0656,7,boston-seaport,n008,40,,False,False,False,False,Parked cars; jaywalker; parked bicycle; parking lot,96,0,33,1025,86,13,138,284,28,183,386559,1,196084,217819,438508,531306
99,862a468e56954dc9a833a9eb3ebd884b,scene-0508,5,boston-seaport,n008,41,,False,False,True,False,Construction zone; roundabout junction,829,19,0,426,57,36,393,164,146,154,478465,27380,95362,48953,311510,53415
100,26c089d84086473e87607ae5c6ae85c6,scene-1081,10,singapore-hollandvillage,n015,40,,True,True,False,True,Night; rain; big street; congestion; cars; scooter; arrive at intersection,0,0,0,438,0,45,127,0,0,0,398554,0,89430,131252,423435,564769
101,cf652a711c8e40209132036a95162fed,scene-0858,8,singapore-queenstown,n015,40,,False,False,False,False,Bus; cars; motorcycles; turn left; peds on sidewalk,4,13,78,565,0,80,198,18,0,24,958535,7400,352335,942740,153506,840345
102,3014465d5958427aac89c4f15b6050dd,scene-0893,8,boston-seaport,n008,40,,False,True,True,False,Rain; parked cars; peds; cross intersection; cones; ped crossing crosswalk; parked bicycles; cones,127,28,0,1306,0,0,446,250,0,111,215178,0,192106,2436,822599,358298
103,363bb6c0fdaf465aa54c39f082bb92c6,scene-0286,3,boston-seaport,n008,40,,False,False,False,False,Wait at intersection; turn right; follow and overtake truck and bus,195,0,40,931,20,0,38,99,141,234,546308,21461,93232,106542,163609,522135
104,a1b51c02d8414856a86c0c37e4789c2f,scene-0369,4,singapore-onenorth,n015,40,,False,False,False,True,Start at busy intersection; turn right; multiple scooters crossing,418,0,69,187,0,134,0,59,0,65,762705,33063,95640,416493,215456,133676
105,cfa36eca40364e5bb15f550a077a21c5,scene-1101,10,singapore-hollandvillage,n015,40,,True,True,False,False,Night; buses; peds; rain; right turn,0,0,51,301,0,0,177,40,0,0,589476,13478,327749,345232,755364,424160
106,f0294478e1994642bac453f1e84610df,scene-0357,4,singapore-onenorth,n015,41,,False,False,True,False,Wait at intersection; digger turning; peds; construction; worker putting down cones,1608,0,0,641,41,40,1088,880,0,70,178439,10292,106853,39682,208396,418457
107,6447a9c30b0140d783871b08104ae7b3,scene-0878,8,boston-seaport,n008,40,,False,True,False,False,Rain; bus; parked cars; parked scooter; parked bicycle; waiting at intersection,80,38,27,684,0,40,40,0,19,44,132740,4551,104580,21376,261370,663423
108,209e9e9c3a2e4a399c44b6aa8be659d6,scene-0945,9,singapore-onenorth,n015,41,,False,False,True,False,Enter road; turn left; workers; construction; construction vehicle; bus; back up to avoid cone; turn left; many peds,1409,0,67,352,41,0,378,802,0,20,280852,4657,86910,190566,489100,525913
109,129304d659464b0fb3a51c99eaec114a,scene-0222,3,boston-seaport,n008,40,,False,False,False,False,Jaywalkers; traffic police; sitting jaywalkers; parked car and peds,30,11,76,912,12,6,582,36,14,256,380267,94,232451,151103,440860,519926
110,36e3167610cc48eabcaad06a72479ac7,scene-0462,5,boston-seaport,n008,41,,False,True,True,False,Rain; cross intersection; parking lot; construction vehicle,57,0,0,730,64,0,20,115,6,290,314710,57690,147005,89144,328673,345459
111,6746ba640c0e45c7961efbe6af51757e,scene-0353,4,singapore-onenorth,n015,39,,False,False,True,False,Start at intersection; cross intersection; construction; parked bicycle; stop at intersection,393,58,0,266,101,9,140,37,0,81,348397,1776,152206,255465,234017,673580
112,03a8a37d5d444674bae34336e78ac39d,scene-0855,8,singapore-queenstown,n015,41,,False,False,True,False,Ped on sidewalk; turn right; truck; cars; cross intersection; buses; motorcycle; cones; slope,0,0,97,418,0,41,78,3,0,67,615609,700,125823,317799,215796,849313
113,f68ef41fbd1142d3a74f71be605a2227,scene-0698,7,boston-seaport,n008,41,,False,False,True,False,Pullable object; peds on sidewalk; parked cars; parking lot; truck; arrive at intersection; cone,399,6,14,1491,88,0,116,112,56,166,380999,909,132089,73892,376903,188986
114,57146b2ebf10432f84b15a3038fe1755,scene-1110,10,singapore-hollandvillage,n015,40,,True,True,False,False,Night; rain; bus; turn right; peds; bus stop,0,4,80,654,0,0,457,0,0,0,756823,9703,53714,442902,465239,764494
115,7540f31d12f1439db67a50be7726c70d,scene-0306,3,boston-seaport,n008,40,,False,False,False,False,Parked cars; bicyclist waiting in the middle of the intersection,227,35,0,621,0,58,394,207,100,210,460558,19503,240486,44220,461394,766966
116,6b6a24b7ae6b40ee95d60918f7f4cb2e,scene-0873,8,boston-seaport,n008,40,,False,True,False,False,Rain; waiting at intersection; jaywalkers; peds; parking lot; bus,250,40,17,1463,0,0,187,127,0,120,126523,0,39734,0,243135,6275
117,2422d2652f4f42298a389a6e0dfef307,scene-0981,9,singapore-onenorth,n015,41,,False,False,True,False,Construction workers; cones; many barrier; truck; construction vehicle; many peds; wait; barriers; construction zone,1543,0,41,199,75,41,401,273,0,82,221639,11166,112957,124554,250671,458980
118,cb0cd06a1dd84271968466d7b65e48f8,scene-0067,1,boston-seaport,n008,40,,False,False,True,False,Exit construction; ped on crosswalk; construction workers; parking lot,0,0,40,826,80,0,387,914,14,220,363702,0,227272,199885,296876,645700
119,240d15482599449a9bd0432fbfa688ab,scene-0428,5,singapore-queenstown,n015,41,,False,False,True,True,Avoid congestion; drive uphill; barriers; peds in sidewalk,39,0,99,409,0,20,166,0,0,0,1067568,756,307590,1029633,365847,1074263
120,affb0caa5d2948f98cee5c42c7aefc1c,scene-1084,10,singapore-hollandvillage,n015,41,,True,False,False,False,Night; scooter; peds; bus stop; parked cars; wait,0,14,86,699,0,73,600,0,0,0,567162,3312,171753,245123,656317,588309
121,13be0238abba499e95ba4e6404b22223,scene-0875,8,boston-seaport,n008,40,,False,True,True,False,Rain; wait at intersection; construction; truck turning,826,0,0,463,40,0,187,1118,37,76,149388,33960,11351,21177,604323,3953
122,a6ebe93557f24cf9bcf613dbff0aab24,scene-0686,7,boston-seaport,n008,41,,False,False,False,False,Many peds; jaywalkers; wait at intersection; peds crossing crosswalk; bicycle; stroller,0,41,41,401,0,0,1504,60,0,123,340167,0,190231,10057,263333,289599
123,69ee276c40644ddbb7fe21c613cd7689,scene-0321,3,boston-seaport,n008,40,,False,False,False,True,Ped; heavy traffic flow; peds; parked car,447,35,40,361,0,0,262,210,15,79,478579,39472,182119,48383,295791,100075
124,fdf4384c1fce4a16aad939d8417bccd6,scene-0378,4,singapore-onenorth,n015,40,,False,False,True,False,Construction zone; excavator; workers; nature; parked buses; ped,222,23,74,48,27,0,194,204,0,66,379740,371,93078,426758,275356,457556
125,a5003bf9af8545a3a4c7f1f5604e8d3b,scene-0851,8,singapore-queenstown,n015,40,,False,False,True,False,Cones; cross intersection; construction vehicle; truck; many peds,410,0,0,281,41,0,45,122,0,96,376366,19001,145183,213464,375721,769452
126,fd4ef697de684d0a8e016a8f8ae61193,scene-0896,9,boston-seaport,n008,40,,False,True,True,False,Rain; parked cars; peds; construction; fence; flooded road; construction vehicle; truck; parked motorcycles; narrow street; bus; parking lot,8,0,32,565,19,62,109,137,0,82,214354,48206,45750,1895,630630,31878
127,433a14f8dcf5457fb2c4def5c749122a,scene-0057,1,singapore-onenorth,n015,39,,False,False,False,False,Jaywalkers; parked bike and scooter; parked car on the main road,21,29,32,152,0,34,358,18,0,70,845848,3621,373792,350689,523664,695704
128,fb20ca9935c4439e8125ba830abcf9dc,scene-0712,7,boston-seaport,n008,40,,False,False,True,False,Cones; cars; peds on sidewalk; truck; construction vehicle; arrive at intersection; cross intersection; change lane; pole; bridge,1680,16,46,524,40,0,778,1430,0,90,328834,18108,65731,116201,637057,0
129,1be49200788d4e38ae4496b27b233ccb,scene-1093,10,singapore-hollandvillage,n015,41,,True,False,False,False,Night; wait at intersection; peds crossing crosswalk; peds sidewalk; personal mobility device,0,34,0,449,0,5,1635,0,0,41,168055,0,113343,25529,511513,438720
130,30e77a3561ce4f1bb4fd90e322ea29d7,scene-0066,1,boston-seaport,n008,39,,False,False,True,True,Parking lots; parked truck; construction; congestion; worker directing traffic; passing cars,0,0,77,1925,78,0,257,553,38,132,270110,0,120976,38154,273136,281727
131,d0de3bf834b747179080898725b0f21d,scene-0385,4,singapore-onenorth,n015,40,,False,False,True,False,Turn left; construction; peds; parked bicycle; turn left,918,22,0,244,37,16,171,265,0,30,458086,43496,73958,249597,394175,544860
132,e209e66ff7834490b212c16cb12a1ce9,scene-0719,7,boston-seaport,n008,40,,False,False,True,False,Jaywalkers; parked cars; parked trucks; cones; wait at intersection; peds on sidewalk; turn right; cross crosswalk; motorcycle,0,0,0,656,0,40,846,106,0,80,380051,0,149708,2141,357383,304062
133,2a721a8d80e04e4e82709e6150f5196a,scene-0437,5,singapore-queenstown,n015,40,,False,False,False,False,Low traffic; cross intersection; crosswalk; truck; bus,66,0,8,14,0,0,16,26,0,19,317513,18934,110662,137034,420846,642739
134,c4ab236557c8423caa8add5fb48a0898,scene-0596,6,boston-seaport,n008,41,,False,True,False,False,Rain; wait at intersection; start at intersection; peds; large truck; dog; turn left,57,0,24,981,0,18,195,71,22,111,182119,15123,138129,71167,227410,1069042
135,04061484361145f5ac6f90a5103b84a6,scene-0194,2,singapore-onenorth,n015,40,,False,False,True,False,Parked car starts to move; two bicycles lying in grass; construction zone; speed reduce; peds,492,55,21,271,111,6,264,321,0,22,303377,0,126951,359892,261575,577924
136,bebf5f5b2a674631ab5c88fd1aa9e87a,scene-0655,6,boston-seaport,n008,41,,False,False,False,False,Parking lot; parked cars; jaywalker; bendy bus; gardening vehicles,0,0,57,1631,80,0,151,236,19,199,411530,0,143985,78311,408440,187135
137,865c607c8ef44f13b39744a0de110740,scene-1074,10,singapore-hollandvillage,n015,40,,True,True,False,False,Night; rain; high speed; bus stop; bus; peds; parked bicycle,0,7,7,139,0,0,27,0,0,16,247378,33845,270162,253539,285011,709333
138,eae0cfe3be5f44a5be4f3e2c961397ed,scene-0225,3,boston-seaport,n008,40,,False,False,True,False,Wait at intersection; construction; peds crossing crosswalk; turn right; parking lot,226,0,0,485,0,0,160,80,40,205,274731,6937,104851,150688,128616,589272
139,60111bb5388f4195b98555d4d4b89618,scene-0224,3,boston-seaport,n008,39,,False,False,True,False,Peds crossing crosswalk; arrive at intersection; barrier; ped with backpack; heavy truck,638,0,0,227,0,0,102,72,57,136,222678,5587,54934,274255,169249,692250
140,4f679c8f8f6d4f5d8466253dda4733ba,scene-1046,10,singapore-hollandvillage,n015,40,,True,False,False,False,Night; wait at intersection; dense traffic; motorcycle; bus,0,0,80,776,0,48,39,0,0,80,181990,27388,7604,32229,210483,421529
141,ea68050d37ea40688241b2dc361ec886,scene-0852,8,singapore-queenstown,n015,41,,False,False,False,False,Many peds; jaywalkers; cars; parked motorcycle; truck; arrive at intersection,0,0,1,218,0,19,489,38,0,89,349983,18139,152199,143514,399751,683536
142,e8bda599a2d44d76a7692caeacb1ba6e,scene-0668,7,boston-seaport,n008,41,,False,False,True,False,Parked bus; crane; construction,208,4,17,1333,11,1,66,136,28,223,378644,1343,90324,111211,336644,187247
143,f123185f3bb64faebc08d4453aec2659,scene-0304,3,boston-seaport,n008,39,,False,False,False,False,Cross intersection; turning truck; parked truck,403,0,28,472,23,0,57,212,126,296,662984,53840,166854,76517,503729,118729
144,2f093cad7209436aa06e103bfe062857,scene-0355,4,singapore-onenorth,n015,39,,False,False,True,False,Construction worker; construction; blocking us; then giving sign to start,1220,0,48,595,78,0,2163,872,0,51,215329,8936,109726,163125,296042,402075
145,5890face846e47a899246159b7c30bd7,scene-0538,6,boston-seaport,n008,41,,False,False,False,False,Ton of pedestrians in park; parking lot; parked motorcycles; parked bicycles; jaywalkers,0,41,26,762,0,137,1157,0,99,137,416379,0,296264,220028,265990,578781
146,e233467e827140efa4b42d2b4c435855,scene-1100,10,singapore-hollandvillage,n015,40,,True,False,False,False,Night; peds in sidewalk; peds cross crosswalk; scooter; PMD; difficult lighting,0,0,75,378,0,101,402,0,0,0,187986,13079,115030,181676,555491,489953
147,c133e78e55ae487c821803a3b183d1ab,scene-0696,7,boston-seaport,n008,40,,False,False,True,False,Cones; parked cars; ped crossing crosswalk,43,0,0,1333,32,19,101,348,0,75,406033,13206,164770,101838,452278,412049
148,0287702725184161af95373198546a59,scene-0587,6,boston-seaport,n008,41,,False,True,False,False,Rain; wait at intersection; truck,450,0,0,533,41,0,81,260,56,255,90386,11017,49213,116261,143905,399697
149,88abbe4f3b37466791b2ae58490044d9,scene-0427,5,singapore-queenstown,n015,41,,False,False,False,True,Parking lot; many peds; bump; buses; congestion,0,0,96,452,0,8,691,0,0,21,134931,7826,109267,329802,475589,199565
150,23e33c8bba1f411ba5871dc074f8dbf8,scene-0705,7,boston-seaport,n008,40,,False,False,False,False,Wait at intersection; truck; peds crossing crosswalk; ped on sidewalk; bicycles on sidewalk; cyclists,146,78,0,510,39,0,123,117,4,65,235007,55553,70644,4161,247606,38407
151,e3b6fe9201c64334be311d4249a0c80e,scene-1104,10,singapore-hollandvillage,n015,41,,True,True,False,False,Night; truck; rain; cross intersection,0,0,32,629,0,56,0,0,0,66,343604,12368,22571,103429,377363,627173
152,a2e8f126913b4f72909e06d881dc5a8b,scene-0980,9,singapore-onenorth,n015,41,,False,False,True,False,Construction; many peds; lane blocked; switch lane; workers; bicycle rack; truck; parked scooter,890,0,14,104,19,16,429,561,0,103,345793,5438,154680,284277,576798,575634
153,f0f120e4d4b0441da90ec53b16ee169d,scene-0578,6,boston-seaport,n008,41,,False,True,False,False,Rain; cross intersection,815,0,19,128,13,0,11,17,103,425,291216,7431,21761,260038,395065,339293
154,ff6af17f52c34e9c9958c64e41fb3786,scene-0658,7,boston-seaport,n008,40,,False,False,False,False,Wait at intersection; peds crossing crosswalk; scooter; turn left; heavy truck; bus stop,0,0,0,425,30,27,203,9,14,49,416174,0,162380,167828,393553,402453
155,aee27b55da77468ba444357348f5cf88,scene-0507,5,boston-seaport,n008,41,,False,False,True,False,Parked cars; peds; construction zone; oncoming truck; peds walking on road,535,30,0,761,66,21,333,189,19,203,418196,1546,164505,4656,526933,282342
156,7deb4760e2244f32b57f9d631b535b66,scene-0006,1,singapore-onenorth,n015,40,,False,False,True,False,Sitting construction worker; parked bicycle; ped walking along road; construction vehicle; worker sitting on back of van,1364,49,0,98,46,9,310,104,0,69,781309,42,109502,744847,280655,930572
157,38b3010304734913bb148d17ebbc352b,scene-0645,6,boston-seaport,n008,41,,False,True,False,False,Rain; parked cars; wait at intersection; ped crossing crosswalk; turn right; truck,0,0,0,477,23,0,65,43,112,416,346901,0,117176,32157,470895,268236
158,261e8288cf5647e396ab584e210e4ba1,scene-0439,5,singapore-queenstown,n015,41,,False,False,False,False,Parking lot; peds; parked bicycle,29,4,0,340,21,106,75,61,0,37,929488,64758,315005,394945,373200,942075
159,4c5c675340d14cd88a65b5e22eb9c9c1,scene-0901,9,boston-seaport,n008,41,,False,True,False,False,Rain; parked cars; parking lot; peds; ped crossing crosswalk,31,0,24,2829,0,3,114,95,19,105,257139,1609,140114,77330,412992,178532
160,0e247ba64b9d4a34a7256b6c173b1b5d,scene-0816,8,boston-seaport,n008,41,,False,True,True,False,Rain; cones; cars; barrier; trailers; trucks; peds on sidewalk; cross roundabout; bird,553,0,0,406,0,0,159,80,245,156,407904,28154,144935,89665,405077,182946
161,54cdaaae372d421fa4734d66f51a8c48,scene-0368,4,singapore-onenorth,n015,40,,False,False,False,True,Arrive at busy intersection,955,0,0,349,11,0,25,150,0,119,426220,6596,99311,419557,166149,187954
162,26540bfbab79463cb1ba76b52ec6013b,scene-0285,3,boston-seaport,n008,40,,False,False,True,False,Cross intersection; construction; barriers; construction worker walking along the barriers,1321,0,0,659,75,0,121,82,37,145,388264,6852,88481,154172,250754,286168
163,28db6ee9a8d34e9e88e741817b6733c1,scene-0591,6,boston-seaport,n008,41,,False,True,False,False,Rain; cross intersection; wait at intersection; statues,0,0,72,441,4,1,34,86,56,165,316708,45888,131732,42369,631106,409767
164,d25718445d89453381c659b9c8734939,scene-1077,10,singapore-hollandvillage,n015,41,,True,False,True,False,Night; big street; bus stop; high speed; construction vehicle,145,0,28,713,11,12,0,0,0,0,412770,0,118740,87609,290697,759471
165,9a1188aba4bf458c8220818a6c0be55a,scene-0058,1,singapore-onenorth,n015,39,,False,False,True,False,Construction; strange cleaning vehicle parked on our lane,814,43,0,321,50,30,131,49,0,96,394198,0,95460,414629,182864,1156188
166,64a3a2d22172406c848f2a92275808ba,scene-0465,5,boston-seaport,n008,41,,False,True,True,False,Rain; start at intersection; wet ground; traffic cone loaded on a truck; car overtaking us,419,23,0,306,0,0,35,260,0,147,332121,54554,94288,21808,281855,131559
167,66461d94f2e44d39a90843ff2dce11e8,scene-0594,6,boston-seaport,n008,40,,False,True,False,False,Rain; turn right; arrive at intersection; big trucks,411,0,0,452,12,0,146,307,76,156,369956,7991,130198,30168,921242,67199
168,ced236f5da704cbcb41249bb6ecc8b68,scene-0401,4,singapore-hollandvillage,n015,40,,False,False,True,False,Turn right; residential area; construction; narrow road; motorcycle,85,7,25,421,8,12,13,91,0,84,703479,5303,114564,139525,448702,812153
169,bed12977df5a41dcb97ac69eeae3682c,scene-0445,5,boston-seaport,n008,40,,False,True,False,False,Rain; parking lot,32,0,43,953,25,41,115,4,16,276,267119,4228,155174,247370,398524,586631
170,c6072dd4f7cc47efaad77889aa465ad6,scene-0860,8,singapore-queenstown,n015,41,,False,False,False,False,Parking lot; peds on sidewalk; jaywalker; parked bicycle; arrive at intersection; wait,0,41,0,368,0,17,227,0,0,0,358775,18748,133838,430113,377527,664487
171,2fc3753772e241f2ab2cd16a784cc680,scene-0757,7,boston-seaport,n008,41,,False,False,False,True,Arrive at busy intersection; bus; wait at intersection; bicycle; peds,0,22,35,297,41,0,45,100,0,64,328310,0,65470,32288,518504,7137
172,c3e0e9f6ee8d4170a3d22a6179f1ca3a,scene-0002,1,singapore-onenorth,n015,40,,False,False,False,False,Intersection; peds; waiting vehicle; parked motorcycle at parking lot,461,16,0,255,39,93,144,79,0,117,363963,2532,45561,102351,437118,438700
173,aa54277d163d419b9f952b014112643e,scene-0806,8,boston-seaport,n008,41,,False,True,False,False,Rain; Wait at intersection; ped push a bicycle; cars; truck; peds on sidewalk; bus,171,0,29,726,0,0,82,80,29,49,138138,8420,60378,10978,223993,80977
174,2175d0e84f224ea69907e5c338bde395,scene-1048,10,singapore-hollandvillage,n015,40,,True,False,False,True,Night; dense traffic; congestion; motorcycle; turn right,0,0,0,916,0,40,0,9,0,47,610051,17083,99232,163702,340926,833029
175,e02aee6f1fec4d13ad77044466da5fb4,scene-0641,6,boston-seaport,n008,40,,False,True,False,False,Rain; cross intersection; parked cars; change lane; arrive at intersection,144,0,50,796,20,0,137,45,15,63,350853,53352,163703,579,397917,92325
176,c0990deaa8954a54afc86f7710f349a1,scene-0862,8,singapore-queenstown,n015,40,,False,False,False,False,Motorcycles; parked bicycle; cross intersection; peds crossing crosswalk; car passing by; peds sidewalk,0,80,0,144,0,67,441,1,0,17,323144,802,79021,109547,402437,917014
177,e323a27a0ba94ab5ab11010d778cd41f,scene-0666,7,boston-seaport,n008,41,,False,False,False,False,Parking lot; jaywalker,53,0,112,975,91,0,417,182,0,220,352732,0,225538,202253,442373,571045
178,010fb5bcc7984d0f8f07f99e02366df1,scene-0471,5,boston-seaport,n008,40,,False,True,True,False,Rain; parked cars; construction,200,0,0,606,108,15,137,1002,0,49,325589,45259,93903,3559,238645,101805
179,fee7ac5f5c1e4943877cd20d6e069427,scene-1021,10,singapore-queenstown,n015,40,,True,False,False,False,Night; peds in dark; arrive at intersection; bus,0,0,59,55,0,0,179,0,0,6,647303,5538,194870,432709,208553,339831
180,deab903b0b644d7a984c552968026631,scene-0735,7,boston-seaport,n008,40,,False,False,False,False,Cross intersection; flags; stopped bus; parked vehicles; peds; bicycle rack; parking lot; cross intersection; parked bicycle,13,11,83,1123,0,18,105,27,0,94,526944,7293,293210,40248,495638,394366
181,0b8948ee96ac46faad405bf1ffc70bb1,scene-0570,6,boston-seaport,n008,40,,False,True,False,False,Rain; wait at intersection; turn right; bus; truck; many parked trucks,0,0,0,793,32,0,42,51,206,1045,339266,0,89039,23778,320057,161162
182,2f0e54af35964a3fb347359836bec035,scene-0539,6,boston-seaport,n008,41,,False,False,False,False,Jaywalkers; bicycle racks; bus; parked scooters; parked bicycles; many peds; cross intersection,0,0,41,438,0,23,966,0,0,179,315484,0,288599,153710,360272,543737
183,a4fe925930de41489b12b85b77d2f0cb,scene-0952,9,singapore-onenorth,n015,40,,False,False,True,False,Parked vehicles; construction worker; parked bicycle; peds; parked vehicles; jaywalkers; ped carrying object; ped with backpack; cross intersection,0,40,0,274,0,0,240,0,0,39,180897,10804,145503,520054,625702,458613
184,ef5f216134a94e308697ab4c75402a20,scene-0129,2,singapore-onenorth,n015,40,,False,False,True,False,Parking lot; cross crosswalk; go over bump; construction; peds; scooter on main road,69,4,31,1337,0,6,116,108,0,3,219389,0,101038,182532,533959,513263
185,727214583a2a478094d4f093d20c7060,scene-0902,9,boston-seaport,n008,40,,False,True,True,False,Rain; parked cars; parked bicycle; parked scooter; bus; cones; peds,0,16,40,1103,0,18,193,22,0,56,167391,0,143886,21978,559696,429942
186,19640fe4b6894f97b16e0faad51432b4,scene-1024,10,singapore-queenstown,n015,40,,True,False,False,False,Night; peds; bus,0,0,40,418,0,24,40,0,0,0,589242,20249,212276,731347,138083,816870
187,ab8bf18dfce14db4b8213b88f5dc1429,scene-0287,3,boston-seaport,n008,40,,False,False,False,False,Overtake heavy truck; stopped motorcycle; parking lot; peds; arrive at intersection,12,0,17,647,24,8,77,19,107,236,567577,64440,163706,41613,320108,191370
188,53d4c9a634df4fdfadf057d3a216e98f,scene-0685,7,boston-seaport,n008,41,,False,False,False,False,Wait at crosswalk; many peds; turn right; peds crossing crosswalk; bus; sitting peds,0,0,41,794,0,0,2040,263,41,79,509728,10992,316110,0,388607,477662
189,3bc4553925494890a21ef7a15c40eaed,scene-0297,3,boston-seaport,n008,39,,False,False,False,False,Right turn; peds crossing; cross intersection; cyclist,39,68,57,711,78,0,626,107,0,65,434962,15904,245154,7353,350851,345213
190,c0cb50847c3949a0b4baf2e200ac897c,scene-0070,1,boston-seaport,n008,40,,False,False,False,False,Peds; ped with bag; bus stop; parking lot; turn right; follow cyclist; trailers; turn left,0,35,15,972,31,0,143,6,224,405,598621,3675,77008,112405,278524,544263
191,7e3a6bdd6c6f4c8fb018cff404974446,scene-0022,1,singapore-onenorth,n015,40,,False,False,True,False,Barriers; construction; lane switch; turn left,1312,58,0,120,57,0,254,252,0,21,770113,0,98519,776140,250616,1089826
192,59ff984c3143486da7d2c4ffec023b36,scene-0291,3,boston-seaport,n008,39,,False,False,True,False,Big street; construction; SUV overtaking,217,0,13,849,29,10,45,614,30,36,389541,37212,78169,30959,213860,99974
193,65cfdc10a42e499ea704c617e077afe0,scene-0894,9,boston-seaport,n008,40,,False,True,True,False,Rain; parked cars; peds; cones; jaywalker; parked bicycle; turn left,10,60,0,1021,0,0,374,536,0,57,199415,0,192340,0,382545,217638
194,bed8426a524d45afab05b19cf02386b2,scene-0124,2,singapore-onenorth,n015,40,,False,False,False,False,Many peds; parked buses; parked cars,0,66,96,344,0,31,572,179,0,43,551661,0,98030,273887,493152,497538
195,29dee0b8210b410a9b3421f0cb39019f,scene-1014,10,singapore-queenstown,n015,41,,True,False,False,False,Night; bump; cars; turn right; bus; peds; ped in dark,0,0,49,310,0,0,118,81,0,0,676441,3865,205193,295833,826841,821842
196,590b4e5a4f94426ab3b1a66f35e140d5,scene-0588,6,boston-seaport,n008,40,,False,True,False,False,Rain; turn right; parking lot,245,0,0,841,29,0,48,138,55,258,332478,37701,105449,136836,222779,535666
197,59530445fcc04c2090bfaf63f342f794,scene-0065,1,boston-seaport,n008,40,,False,False,False,False,Wait at intersection; truck; peds; turn right; parking lot,434,0,52,963,27,0,112,43,59,148,545908,3371,97312,166844,262880,423848
198,4959ccdac5774a088d0c9e10667f09f1,scene-0256,3,boston-seaport,n008,39,,False,False,False,False,Pass by a jaywalker; parked car; stopped at red light,365,0,25,107,91,0,39,124,4,140,210761,8316,44619,246448,148278,555463
199,1466f33b56704942a368fa03d10708dd,scene-0695,7,boston-seaport,n008,40,,False,False,True,False,Parked cars; peds; bicycle racks; cones; through intersection,0,8,0,1345,11,27,507,29,41,116,428907,0,137700,96318,603678,296128
200,e631037169574c67944176bf079ee75c,scene-1050,10,singapore-hollandvillage,n015,40,,True,False,False,False,Night; many trash cans; followed by scooter; bus; truck; parked bicycle; bus stop; motorcycle; high speed,0,9,25,279,0,59,0,0,0,19,408298,2185,92199,325703,553026,525970
201,aa45d94630be481787f20121ce89a605,scene-0258,3,boston-seaport,n008,40,,False,False,True,False,Parked cars; cone; active cars; construction vehicle,359,14,0,684,51,0,85,539,16,154,454910,32425,110120,21606,267506,104747
202,48ba943c3d19463a81281bf6a7078eac,scene-0463,5,boston-seaport,n008,40,,False,True,True,False,Rain; FedEx truck loaded on trailer; true cone loaded on a van; arrive at intersection; parked cars; several active trucks,410,0,0,355,0,0,57,0,106,157,237415,56877,126494,33121,275145,72595
203,01796494e25c448dadaba70cfcc3532d,scene-0854,8,singapore-queenstown,n015,40,,False,False,False,False,Lane change; dense traffic; buses; cars; ped; arrive at intersection,0,0,80,453,0,26,32,0,0,93,368067,12468,120441,316917,255896,777078
204,8dd4349e80c345afac455cf76074f028,scene-0365,4,singapore-onenorth,n015,40,,False,False,False,False,Jaywalker; offloading truck; parked bicycle,0,59,4,195,0,15,226,136,0,153,611167,153,137378,293395,536044,524518
205,1ad821fcfc9f4c24bb879ec7d5ba0ec1,scene-0706,7,boston-seaport,n008,41,,False,False,True,False,Cross intersection; cars; cones; cars overtaking us; cyclist on sidewalk,1342,41,0,472,8,0,225,568,0,77,354146,47894,118381,274,242904,203220
206,3289046b886f4c98a676bd7e6a3c6ef1,scene-0886,8,boston-seaport,n008,41,,False,True,True,False,Rain; peds; truck; ships; cones; parked cars; barriers; arrive at intersection,565,0,0,529,0,0,269,121,0,93,251857,47096,113373,31068,475224,165085
207,8d8728879b89405eba3f8ce1af138cb2,scene-1045,10,singapore-hollandvillage,n015,41,,True,False,False,False,Night; wait at intersection; dense traffic; motorcycles; truck,0,0,97,546,0,49,41,0,0,82,213708,23662,14337,39267,201877,471587
208,cf550d9670274ac1a7f274fbacb39c48,scene-0048,1,singapore-onenorth,n015,40,,False,False,True,False,Construction; narrow road; construction workers; heavy construction vehicles; right turn,494,8,0,143,71,11,102,198,0,40,520503,0,179663,320733,268790,706930
209,efe3681f556b43e6aa65bf7bfc61a2f8,scene-0713,7,boston-seaport,n008,40,,False,False,False,False,Bridge; cars; peds on sidewalk; truck; arrive at intersection; peds crossing crosswalk,133,0,29,536,0,0,1225,44,32,199,277476,26455,62481,0,336592,38054
210,5dd272b76c3f4e2582040a91f2be2dde,scene-0856,8,singapore-queenstown,n015,41,,False,False,True,False,Parked buses; parked bicycles; many peds; cone,0,35,138,96,0,14,129,8,0,0,322639,0,157972,179869,645550,603422
211,359f9c029ae44e1d9d47c05bc7915561,scene-0041,1,singapore-onenorth,n015,40,,False,False,False,True,Turn left; arrive at busy intersection; red light,427,22,0,102,0,0,0,95,0,81,368986,3064,94608,713165,141565,301080
212,d654cae175de44319ace178994ed0329,scene-0262,3,boston-seaport,n008,40,,False,False,True,False,Peds crossing; turn right; construction,870,0,27,426,114,36,410,209,0,61,467803,203,144266,35374,447352,253732
213,89f20737ec344aa48b543a9e005a38ca,scene-1107,10,singapore-hollandvillage,n015,41,,True,True,False,False,Night; rain; high speed; scooter; dense traffic at other lane,0,0,27,409,35,16,9,0,0,0,438587,2917,209042,143016,168134,678734
214,555c691be4704ef29559373e031441dd,scene-0718,7,boston-seaport,n008,40,,False,False,True,False,Jaywalkers; parked cars; parked trucks; cones; wait at intersection; peds on sidewalk,0,0,80,389,0,40,992,160,0,40,164790,0,88718,4443,212682,181584
215,daa9fce50073470398da3c2bccdaf21b,scene-0010,1,singapore-onenorth,n015,40,,False,False,True,False,Parked motorcycle; person pickung up garbage; pass construction vehicles and entrance to construction site,17,0,27,38,36,22,62,26,59,113,260333,0,55939,565852,90337,1133379
216,faa975eaad804c85bd8f2da9b30c8d9a,scene-1018,10,singapore-queenstown,n015,41,,True,False,False,False,Night; turn right; cars; bus; bus stop; scooter,0,0,23,330,0,29,232,0,0,0,525476,4500,121045,701137,177395,807284
217,a6daedc3063b421cb3a05019e545f925,scene-0499,5,boston-seaport,n008,40,,False,False,True,False,Construction zone; workers; parking lot; park motorcycle,144,0,0,762,42,42,236,138,58,330,499901,1412,94611,35914,1021609,30568
218,20ec831deb0f44e397497198cbe5a97c,scene-0502,5,boston-seaport,n008,41,,False,False,False,False,Parked truck; right turn; jaywalkers; bike rack; arrive at intersection,193,17,0,300,40,15,193,46,0,28,268664,0,231690,0,658976,244769
219,87a71839e68b46da8e91fb5f21b50c1c,scene-0227,3,boston-seaport,n008,39,,False,False,False,True,Heavy traffic flow; stopped at red light,380,0,39,678,0,0,316,0,87,203,421597,44589,120237,22180,261321,62952
220,eba4b7c19b5f48289e105937d03e5222,scene-0381,4,singapore-onenorth,n015,40,,False,False,True,False,Ped crossing; peds; construction; parked bicycles; turn right,1161,105,0,138,33,0,351,60,0,64,329022,39,76269,427992,231045,971856
221,1e3f0bd8063a4084b7104345b20bfb80,scene-0469,5,boston-seaport,n008,40,,False,True,False,False,Rain; truck; cross intersection; ped; parked cars; bicyclist; sign trailer; bicycle rack,249,35,0,653,0,0,37,170,45,30,342319,49904,152520,0,248067,109501
222,53e8446852bf488bb1b09ae032918bbd,scene-0889,8,boston-seaport,n008,40,,False,True,False,False,Rain; wait at intersection; bicycle racks; peds; ped with umbrella; ped crossing crosswalk; ped with bag; parking lot; truck,0,0,0,2052,0,40,201,0,40,690,140857,0,94979,10766,182218,219753
223,00590cbfa24a430a8c274b51e1c71231,scene-0126,2,singapore-onenorth,n015,40,,False,False,False,False,Delayed left turn; jaywalker; parking lot; bus stops; parked bicycle; truck; turn right,0,15,0,216,0,0,216,54,0,49,357751,17160,92069,247191,545848,322429
224,078e6d7a3d4a429bba404bf12c7a98f2,scene-0768,8,boston-seaport,n008,41,,False,False,True,False,Parked cars; truck overtaking us; peds on sidewalk; bus; turck; construction vehicle; bicycle rack; bicycle; truck,0,22,41,962,28,0,46,0,25,63,313874,5255,182227,51927,477253,417466
225,4efde86424ea4088a43faeb5158ceabf,scene-0468,5,boston-seaport,n008,41,,False,True,True,False,Rain; wait at intersection; flipped cone; truck,530,0,0,241,41,0,42,152,0,41,127088,31780,62468,10787,207271,167438
226,095d9b93b583425f910ae2afaf1d017d,scene-0049,1,singapore-onenorth,n015,39,,False,False,True,False,Construction; barriers behind net; parked trucks; excavators; turn left,896,11,0,162,65,0,182,53,0,106,781076,2048,49723,779810,329382,919495
227,797700339b014fb6aa61c1ea3778d587,scene-1022,10,singapore-queenstown,n015,40,,True,False,False,False,Night; bus; bump; scooter; peds; very dark; lights,0,34,69,196,0,0,258,0,0,0,536504,0,130320,551832,419207,664290
228,6308d6d934074a028fc3145eedf3e65f,scene-0293,3,boston-seaport,n008,40,,False,False,True,False,Construction; parked cars,1390,0,21,293,52,0,414,1170,19,172,384318,7088,44615,154878,647827,0
229,17302a41218442ffbb0b094adb0669ab,scene-0371,4,singapore-onenorth,n015,40,,False,False,False,False,Peds; parked bus; oncoming scooter; parked bicycles; parked trucks; buses; wait at intersection,0,52,73,84,0,11,133,0,0,108,272401,9537,107168,159517,444222,216552
230,9056ac9944e846109b00e31cc96259cb,scene-0654,6,boston-seaport,n008,40,,False,False,False,False,Turn right; crane; policemen on road; parked cars,1348,0,0,766,65,37,176,47,118,329,484386,61,154960,293023,242899,834935
231,97ba0e14805b42f292db7f06b6d1121b,scene-0456,5,boston-seaport,n008,41,,False,True,False,False,Rain; parking lot; bicycle rack; turn right; crane,0,20,0,1178,36,36,172,25,39,351,349789,0,98882,40488,447063,566125
232,34ca95580d2d4c45a68b471d5afb3e27,scene-0792,8,singapore-queenstown,n015,40,,False,False,False,False,Ped on sidewalk; peds; parked bicycle; stopped double decker bus,16,9,29,388,14,0,264,0,0,32,751915,6253,122652,394128,460569,445669
233,5a2aac9df32945d183fc81924ff148b6,scene-0961,9,singapore-onenorth,n015,41,,False,False,True,False,Construction workers; barriers; construction vehicle; parked car; turn right; parked scooter,375,0,0,87,82,23,158,0,0,82,481831,58098,167856,424504,230160,1462939
234,53c92676ef334011bd4689494ac11fa0,scene-0202,2,boston-seaport,n008,39,,False,False,False,False,Parked cars; jaywalker; peds; parked bicycle,279,38,18,487,0,0,378,0,0,154,491602,22325,159026,329738,169950,949888
235,66be189398d74681a8b8db4b7dd52259,scene-0670,7,boston-seaport,n008,41,,False,False,False,False,Wait at intersection; heavy truck; personal mobility device; bus; ped crossing crosswalk,0,0,41,444,0,0,80,0,41,100,139498,12779,70377,68917,135920,189934
236,de943e246dad4ad686de98008a634ecf,scene-0019,1,singapore-onenorth,n015,40,,False,False,False,False,Turn left; waiting peds; turn left,1148,0,26,90,40,21,849,329,0,16,400251,3741,189086,199361,540677,555971
237,19f47b8941094af29b8db20b255717fc,scene-0242,3,boston-seaport,n008,40,,False,False,False,False,Heavy vehs; waiting at intersection for red light; cyclist,594,40,9,705,0,0,208,41,115,168,138531,6003,38344,85374,127462,486725
238,e5514b8f435e475cac4eba74b44773b5,scene-1106,10,singapore-hollandvillage,n015,40,,True,True,False,False,Night; rain; high speed; scooter; bus stop; low traffic; bus,6,0,9,155,7,5,0,0,0,0,468076,15,147843,96449,197824,745053
239,7937f7d56b5444fd8c55052460e23807,scene-0820,8,boston-seaport,n008,40,,False,True,False,False,Rain; Cross intersection; cross intersection; parking lots; peds on sidewalk; low traffic density; parked cars,93,0,0,544,12,0,23,12,335,290,402979,0,100535,123612,424314,468387
240,e083627747d8499a8c4e94c7abf941e2,scene-0895,9,boston-seaport,n008,41,,False,True,True,False,Rain; parked cars; cones; peds; car leaving parking garage; cross intersection; construction site; construction vehicle; barrier,12,0,0,615,29,0,318,226,0,107,400074,0,213283,114400,547980,128170
241,8383c0b1422b46ad90e2a64ff3e91fcf,scene-0979,9,singapore-onenorth,n015,40,,False,False,False,False,Many peds; motorcycle; cars; cross intersection; car overtaking us; parked bicycle,494,21,40,243,0,15,135,11,0,33,499886,329,160000,471990,184784,1176576
242,c949ec2cca7047bdb67dce64b6c3586a,scene-1078,10,singapore-hollandvillage,n015,40,,True,False,False,False,Night; big street; high speed; scooters; bus; lane change,29,0,21,324,10,5,0,0,0,0,495846,14381,139583,96944,247530,755818
243,566311b8201e416f9f99463656dcadce,scene-0348,4,singapore-onenorth,n015,40,,False,False,False,False,Turn right; bus; peds; narrow street,42,40,22,359,0,0,350,67,0,50,497916,4171,160610,397390,473815,401992
244,1ec0b9bc3eca4b76b2610c519f843762,scene-0500,5,boston-seaport,n008,40,,False,False,False,False,Left turn; large truck turns right; parked vehicles; parking lot; peds,591,27,0,1503,0,119,432,118,20,418,424649,6643,270786,6408,438264,280922
245,68fc5e3698a544d1bdf5847b88ad77d4,scene-0849,8,singapore-queenstown,n015,40,,False,False,True,False,Cars; cross intersection; peds on sidewalk; barriers; cars overtaking us,65,0,21,203,0,0,130,40,0,0,650431,26300,180685,223498,438608,782897
246,b829278aae2747959f2a95423455bbcb,scene-0597,6,boston-seaport,n008,40,,False,True,False,False,Rain; parked cars; peds and children; parked truck,0,32,61,1052,0,9,147,36,40,93,403631,1524,238853,15241,544779,404748
247,dc8302cfccdb4812a0a4a60dde595e18,scene-0764,7,boston-seaport,n008,40,,False,False,True,False,Bicycle; parked cars; parked trucks; follow bicycle; construction vehicle; ped; animal; containers; parking lot,799,49,6,279,77,0,40,0,111,248,364302,0,27066,301406,282721,185103
248,b09162caded44198b149b4bce3558056,scene-0865,8,singapore-queenstown,n015,41,,False,False,False,False,Many peds; parking lot; parked bicycle; bus; parked motorcycles; turn right; cross intersection; stopped truck; people on truck,0,0,41,502,0,25,394,0,0,43,538051,299,176870,557108,250691,767042
249,2ba06ef7b3b44cbfad6d771981d86af9,scene-0236,3,boston-seaport,n008,40,,False,False,False,True,Peds; congestion; parked cars,0,12,24,605,0,24,2599,41,9,103,442427,0,243559,2199,669609,108919
250,d0880a386b6d434bb5cd13c134af7a3e,scene-0023,1,singapore-onenorth,n015,40,,False,False,False,False,Overtake parked car; bus turning; motorcycle,40,43,27,63,39,17,293,19,0,0,196393,0,116391,486503,370236,405607
251,c59fe8015e3743329ec907bc29c93124,scene-0501,5,boston-seaport,n008,39,,False,False,False,False,Parked vehicles; right bend; parked truck; jaywalkers; sitting peds,334,79,0,337,0,0,460,61,0,31,266627,91037,204046,43922,762807,64614
252,fe3aa64e4339456186c38c6308f5fb1a,scene-0708,7,boston-seaport,n008,40,,False,False,True,False,Parked cars; peds on sidewalk; cones; ped on sidewalk; arrive at intersection; cross intersection,169,21,0,856,0,0,224,165,40,8,408033,49662,195132,444,258684,201693
253,270fe8382f884386b3445143fa946200,scene-1011,10,singapore-queenstown,n015,40,,True,False,False,False,Night; bus; parked cars; peds,0,0,77,33,0,0,143,143,0,0,366407,8163,56450,143006,570825,725881
254,214008f81b8b4b509c730f0c13e9491f,scene-0714,7,boston-seaport,n008,41,,False,False,False,False,Wait at intersection; bridge; jaywalkers; peds on sidewalk; peds crossing crosswalk,328,0,0,636,0,0,1631,118,0,41,173744,0,53586,0,356400,141114
255,4bcb814456f044919bc052c208dbebc5,scene-0644,6,boston-seaport,n008,40,,False,True,True,False,Rain; parked cars; parking lot; ped; parked truck; construction vehicle; sign trailer,11,0,0,826,73,0,38,26,53,123,293022,6808,154185,40760,247285,134762
256,a1ca2ba59ac9452fb3da60019bf32c71,scene-0120,2,singapore-onenorth,n015,40,,False,False,False,False,Parked motorcycles; parking lot; wait at intersection; truck; ped very close to ego-vehicle,0,33,27,1116,0,134,189,150,0,32,337687,2637,39697,122553,759506,153936
257,567fcd99d0dc4fa088f52b047f4ebdcf,scene-1083,10,singapore-hollandvillage,n015,40,,True,False,False,False,Night; big street; bus; scooter; turn right,0,0,120,570,0,20,219,0,0,0,387581,2314,50094,115711,344802,483930
258,453453c849304ad69741891946d46453,scene-0467,5,boston-seaport,n008,40,,False,True,True,False,Rain; wait at intersection; flipped cone; construction; digger; ped,280,0,8,283,40,0,26,723,0,40,64989,9264,36880,0,197869,126950
259,ed97ee6a3b444ba7800641baab057556,scene-0391,4,boston-seaport,n008,40,,False,False,False,False,Go straight; two bicycles; turn right; two bendy busses,8,48,76,569,57,0,117,71,189,571,494763,0,125912,43036,299576,146785
260,6f5133fe62b240e797bac25aeff8b531,scene-0005,1,singapore-onenorth,n015,39,,False,False,True,False,Overtaken by taxi; construction site,353,0,39,145,63,0,130,358,0,17,287040,6267,64105,222573,191212,657083
261,724957e51f464a9aa64a16458443786d,scene-0238,3,boston-seaport,n008,40,,False,False,False,False,Many peds; ped with pet; stopped bicycle; truck; cross intersection; car makes a u-turn; lane changing; peds crossing crosswalk; parked bicycle,0,110,0,754,0,19,1657,5,40,80,246934,0,114004,4869,593787,18566
262,9c83e438973e4824853e6a38928ca4ff,scene-0429,5,singapore-queenstown,n015,40,,False,False,False,False,Half-open parking garage; parked scooters; oncoming scooter; parked car; peds; barricade,133,4,0,627,20,86,44,12,0,36,530416,4516,198977,338926,786545,762367
263,f13bd38bf9b64d579a63d4e7d750f592,scene-0364,4,singapore-onenorth,n015,40,,False,False,False,False,Followed by scooter; peds; bus stop; parked trucks; bus stop; parked bicycles; bicyclist,0,105,17,313,0,94,136,47,0,120,331690,276,91119,91970,562004,278812
264,52fa2df7fde34bd58ee30cff02b73f51,scene-0727,7,boston-seaport,n008,40,,False,False,True,False,Wait at intersection; peds on sidewalks; parked cars; cones; peds crossing crosswalk,254,40,0,1852,0,0,444,405,0,99,242010,0,66166,0,260832,4085
265,dcdea563c77544bb887de11d87619d3c,scene-0888,8,boston-seaport,n008,40,,False,True,True,False,Rain; peds; truck; cones; parked cars; turn right; parking lot; animal,27,0,0,969,0,0,197,105,9,475,244053,26738,176684,64529,348222,311662
266,5d5506d750cc41d8bd33840d5350d7ad,scene-0864,8,singapore-queenstown,n015,41,,False,False,True,False,Car passing by; parking lot; cones; bus passing by; many peds; parked truck,0,0,44,376,0,0,222,172,0,9,532612,1717,222588,600062,304997,464805
267,9a0d2af517ff44f587c93254ee657215,scene-0303,3,boston-seaport,n008,40,,False,False,True,False,Cross intersection; construction; large group of cones,1356,0,40,141,18,0,222,879,0,141,387471,16989,32532,21574,875466,36
268,b0c4f9a7680142d8add66f69e5f20ecb,scene-0454,5,boston-seaport,n008,40,,False,True,False,False,Rain; turn left; bike rack; parking lot,0,0,30,1362,25,9,277,43,42,113,257075,0,135481,119070,603593,361189
269,7ed1b613f0ee47ceaf6d19ca3947f825,scene-1109,10,singapore-hollandvillage,n015,39,,True,True,False,False,Night; rain; bus; lightning,0,0,39,383,0,0,117,0,0,0,269649,3577,42210,27227,281283,484204
