pick_order,scene_token,name,part,location,vehicle,num_samples,anchor_for,description
0,82240fd6d5ba4375815f8a7fa1561361,scene-0750,7,boston-seaport,n008,41,const_veh,Wait at intersection; parking lot; traffic chaos; truck blocking us; cross busy intersection; cyclist; parked cars
1,93bdbe60d6d0495cbb39d6c811554905,scene-0247,3,boston-seaport,n008,39,traffic_cone,Construction vehicle; cone; lots of barriers; construction zone; cluster of pedestrians
2,52b30ecd104a4f4eab6f8f5684a73e56,scene-0127,2,singapore-onenorth,n015,40,motorcycle,Enter car park; jaywalker; parked motorcycles; pass a bus
3,2575c1870ede486b8568279b4731e47e,scene-0448,5,boston-seaport,n008,41,trailer,Rain; parked trailers; parked trucks; fence; excavator; barriers; parked cars
4,64eef73c4f564a3db415e965f6460012,scene-0586,6,boston-seaport,n008,41,const_veh,Rain; construction; parked car; close to intersection
5,2987b4494fcc4639bdd6d714a94b2c72,scene-0359,4,singapore-onenorth,n015,40,bicycle,Bus stop; parked bicycle; sparsely populated with peds; parking lot
6,3034b3f33e1d49f4a7b6c84bdea57004,scene-0537,6,boston-seaport,n008,41,const_veh,Construction zones; construction vehicle; pedestrian; oncoming vehicles
7,0cc28fe2c1064fb9a51f1647c28ca564,scene-0377,4,singapore-onenorth,n015,40,bicycle,Lane change; cyclist on side walk; construction; left turn
8,373bf99c103d4464a7b963a83523fbcb,scene-0747,7,boston-seaport,n008,41,const_veh,Wait at intersection; peds crossing crosswalk; parking lot
9,a25d763258dc4526b52759b3ddaad7ec,scene-0687,7,boston-seaport,n008,41,bicycle,Bicyclists; many peds in sidewalk; turn right; bridge
10,1d914f73a4a243c3acac50d24f083aac,scene-0352,4,singapore-onenorth,n015,40,barrier,Follow concrete truck; construction; traffic cones on the opposite side of the road
11,cfeb880362694fa7a428aec2fd139daa,scene-0763,7,boston-seaport,n008,41,bus,Fence; parking lot; bicyclist; buses; parked cars; ped with pets
12,3d42cd90a8184d9ebd3bb85b6416314d,scene-0260,3,boston-seaport,n008,40,bicycle,Waiting at red light; in front of turning cars; active bicycle in the right
13,3469d30a6e2a4d878fb0ff899346b7de,scene-0679,7,boston-seaport,n008,41,traffic_cone,Personal mobility; wheel chair; construction; peds; construction vehicle
14,54ec146682e24683becfeab4124e8402,scene-0472,5,boston-seaport,n008,40,traffic_cone,Rain; construction; wheel barrows
15,d4c5db6faa9f443795ad86561e9e556e,scene-0599,6,boston-seaport,n008,40,trailer,Rain; peds; construction; turn right; containers; cyclist
16,2bbae5e654224cbeb5884c471e2ad05e,scene-0688,7,boston-seaport,n008,41,bicycle,Arrive at intersection; many peds; cyclist; bicycle
17,37cfda558193400bbe3a5ff14ae4606e,scene-0647,6,boston-seaport,n008,41,bus,Rain; parked cars; parked buses
18,f57957ebc5654b649a0786d993b64be4,scene-0133,2,singapore-onenorth,n015,40,motorcycle,Drive through parking lot; stopped bus; parked scooters; parked motorcycles; peds; parked trucks; approach barrier
19,cab845a2e8864482993ac62811f879c1,scene-0683,7,boston-seaport,n008,40,barrier,Wait at intersection; construction; start at intersection
20,e757a98aa8794d448f65f5966b8ac954,scene-0447,5,boston-seaport,n008,40,trailer,Rain; parking lot; turn left
21,ed22649f50454a6ab71356780b2a2454,scene-0211,2,boston-seaport,n008,39,const_veh,Parked cars; construction area; construction vehicles
22,eac3102e4cc24d4b95532bcc711a902f,scene-0045,1,singapore-onenorth,n015,39,motorcycle,Full parking lot; peds; exiting from car park
23,ab6eea0e06c84f70be411a9d36636a7a,scene-0170,2,boston-seaport,n008,40,trailer,Turn left; truck parked in the middle of the street; ego vehicle coming to full stand
24,5d709891c41d423687ae4ea0473cb9c4,scene-0585,6,boston-seaport,n008,41,const_veh,Rain; construction vehicles; cross intersection
25,77c9f156f8594ed59dcdacb8b877a7ac,scene-0660,7,boston-seaport,n008,40,trailer,Painted truck; parked cars
26,748894952b00431186308b387c2f424c,scene-0861,8,singapore-queenstown,n015,41,motorcycle,Wait at intersection; nature; scooters; peds on sidewalk; ped with umbrella; parked bicycle; taxi; jaywalker; delivery scooter; turn right
27,2ffd7e2a1daf4b928464ddb2ed3dca59,scene-0171,2,boston-seaport,n008,40,trailer,Densely parked trucks
28,cdeb0e85e43e481a87b2251351e10c2f,scene-1098,10,singapore-hollandvillage,n015,40,bus,Night; peds; scooter; bus; waiting at intersection
29,2dc89e0f9c6c4dbab908d341fab020c6,scene-0382,4,singapore-onenorth,n015,40,motorcycle,Turn left; parking lot; peds; parked motorcycles
30,5674c9e612cc4f7793330a361755830a,scene-0711,7,boston-seaport,n008,41,barrier,Change lane; truck; cars; cones; ped on sidewalk; bus; wait; car overtaking us
31,52bb785dcb5548a1836898f14fb3cf6d,scene-0681,7,boston-seaport,n008,40,barrier,Wait at intersection; construction; bicycle; peds; lots of barriers and traffic cones
32,bd22f197e9f648cba8e307869479629b,scene-0600,6,boston-seaport,n008,41,bus,Rain; parked busses; parking lot
33,d4d2faa310a748dda508d15c6d5c4244,scene-1019,10,singapore-queenstown,n015,40,,Night; scooter; light; peds crossing crosswalk; bus stop
34,ba76f4185aa34ed3bff467ac640da902,scene-0151,2,singapore-onenorth,n015,40,,Turn right; busy intersection; construction; peds; parked bicycles; construction vehicle; motorcycle
35,de7d80a1f5fb4c3e82ce8a4f213b450a,scene-1094,10,singapore-hollandvillage,n015,40,,Night; after rain; many peds; PMD; ped with bag; jaywalker; truck; scooter
36,bf753f22bc524274bc359467e0be149c,scene-0848,8,singapore-queenstown,n015,41,,Parked bicycle; jaywalker; bus; peds on sidewalk; cones; parked cars
37,3ace9decdd1f4ea0915b9862c95ca128,scene-1097,10,singapore-hollandvillage,n015,40,,Night; scooter; start at intersection; turn right; ped crossing crosswalk; bus
38,70368a18644046f898ab836fc8a3c03f,scene-0043,1,singapore-onenorth,n015,39,,Busy intersection; oncoming traffic; construction zone on the left
39,cc8c0bf57f984915a77078b10eb33198,scene-0061,1,singapore-onenorth,n015,39,,Parked truck; construction; intersection; turn left; following a van
40,a2b64d02c5fa4b9bab671a97561b6b33,scene-1095,10,singapore-hollandvillage,n015,40,,Night; rain; lane change; cross intersection; scooter; bus; arrive at intersection
41,06c43bc74aff453081ce83eb126a756e,scene-0662,7,boston-seaport,n008,40,,Parked cars; construction; wait at intersection; jaywalker
42,b528f78de55e41d9bb3382176dae1a4c,scene-0673,7,boston-seaport,n008,40,,Construction; bus; wait at intersection; ped crossing crosswalk
43,7bcc4753bdb64d2cb407b55cc4e4527f,scene-0356,4,singapore-onenorth,n015,39,,Arrive at intersection; construction; digger turning; peds crossing; bus
44,d3d94f2ce3dc4db4b3ba6f4aa81c3987,scene-0738,7,boston-seaport,n008,41,,Trailers; peds on sidewalk; barrier; trucks; bendy bus; cross roundabout; cones; parking lots; cross intersection; bicycle
45,4db0eee3b82d49b198c1a411cf7f7d68,scene-0135,2,singapore-onenorth,n015,39,,Heavy traffic; sitting peds; parked motorcycles; 2 jaywalkers; turn right; busy intersection
46,85e8f6d6743a4897b5e07e685267868e,scene-0731,7,boston-seaport,n008,41,,Wait at intersection; cones; peds crossing crosswalk; parked motorcycle; bicycle; truck
47,4ed628299b1e45a3a73704e8cf8287a9,scene-1053,10,singapore-hollandvillage,n015,41,,Night; rain; bump; peds; congestion; parked car
48,d987908d74794138b07d1237887bb441,scene-0392,4,boston-seaport,n008,40,,Cross intersection; bicyclist crossing; school bus; bicycle rack; jaywalker; peds; parked scooter
49,20b987b503444b3d9996c8f66946afa3,scene-0734,7,boston-seaport,n008,40,,Wait at intersection; parked cars; cones; peds on sidewalks; parked motorcycle; peds on sidewalks; bus; stroller
50,76c632788f8c4516bef1c4297f2002f6,scene-0983,9,singapore-onenorth,n015,40,,Construction vehicle; cones; peds crossing crosswalk; peds on sidewalk; motorcycle; parked bicycles
51,27dc2edfb6524c7d8997ac3573ed2f3d,scene-0504,5,boston-seaport,n008,39,,Construction zone; cross intersection; peds crossing crosswalk; oncoming bus at intersection; parked car entering the road; sign trailer; bridge
52,03ee880dd4e348f4b3407f0d073c7c70,scene-0021,1,singapore-onenorth,n015,40,,Wait at intersection; jaywalkers; parking lot; parked bicycle; turn right; construction; truck
53,f0f7132494bc4045a21868aca13b56f9,scene-1016,10,singapore-queenstown,n015,40,,Night; peds; bus stop; bump; ped crossing crosswalk; bus
54,9c5dc664216e43a99d5da3f23d373e4d,scene-0592,6,boston-seaport,n008,41,,Rain; wait at intersection; turn left; huge truck; scooter
55,b57e1a48e584451f8f966ab083c8d07d,scene-1099,10,singapore-hollandvillage,n015,40,,Night; wait at busy intersection; peds; scooter on sidewalk; attempt to turn right
56,a6fae4900f8e46cba689b59b5bc8a2ab,scene-0648,6,boston-seaport,n008,40,,Rain; cross intersection; reflections; bicycle rack; bus
57,73d9a36f20594e658020ebfc5b0ba74a,scene-0159,2,singapore-onenorth,n015,39,,Peds crossing crosswalk; barrier being pushed across crosswalk; turn left; peds
58,df0c3cb16cde410eba8eea191765515c,scene-0455,5,boston-seaport,n008,41,,Rain; bus; jaywalker; parking lot; parked bicycle; peds; bicycle rack
59,798e8504b4364d378270333a349ef508,scene-0046,1,singapore-onenorth,n015,39,,Busy intersection; ped crossing; waiting for traffic light; construction zone on the left
60,2cc8ffb250c44b42a888e9185810e04c,scene-0808,8,boston-seaport,n008,40,,Rain; trucks; cars; ped crossing crosswalk; cross intersection; cones
61,25496f19ffd14bd088cb430bfc01a4d7,scene-0004,1,singapore-onenorth,n015,40,,Random scene; arrive at intersection; cross intersection; jaywalkers
62,d8a5dd6087de4e808c61c27f91e8216e,scene-0590,6,boston-seaport,n008,40,,Rain; cluster of traffic cones; wait at intersection; bendy bus
63,d033fb0d79ea42b9a356fa5162172598,scene-0880,8,boston-seaport,n008,41,,Rain; parked cars; parked bicycle; parked scooter; barriers; fence; bus; cones; turn left; peds
64,312102fd97de4bd4859374946e24ccdc,scene-0354,4,singapore-onenorth,n015,39,,Start at intersection; truck; bus; construction zone; parked bicycle
65,d3c39710e9da42f48b605824ce2a1927,scene-1108,10,singapore-hollandvillage,n015,40,,Night; wet front camera; rain; bus; wait at intersection; scooters
66,938479858b4849dd8ceddc11c154082b,scene-0877,8,boston-seaport,n008,39,,Rain; parked cars; barriers; cones; containers; truck; person standing on truck; ped; construction site; construction vehicle; parking lot; bus
67,2f9da038274a4448bdbb83f994fc6381,scene-0736,7,boston-seaport,n008,41,,Parked cars; ped crossing crosswalk; parked motorcycle; peds on sidewalk; turn left; cross intersection; fence; cone
68,34a9823fac0d4b9db30898e00b5f9f9c,scene-1017,10,singapore-queenstown,n015,40,,Night; ped; cars; bump; scooter; congestion
69,c0d3796765e2452d990309b2568adac5,scene-0158,2,singapore-onenorth,n015,40,,Worker stopped ego car; worker removes cones; follow truck; heavy traffic; construction; peds
70,2131d9fd2c48418081875019e35cf6a2,scene-0892,8,boston-seaport,n008,40,,Rain; parked cars; barriers; peds; parked bicycle; parked scooter; bicycle rack; parking lot; crossing intersection
71,30ae9c1092f6404a9e6aa0589e809780,scene-0716,7,boston-seaport,n008,40,,Wait at intersection; ped crossing crosswalk; cars; bus; peds on sidewalk; bridge; bicycle crossing crosswalk; turn right; parked cars
72,2121cc12888e47ce856dc5391f202594,scene-0358,4,singapore-onenorth,n015,40,,Wait at intersection; construction; heavy vehicle reversing; several peds waiting for crossing
73,717053dec2ef4baa913ba1e24c09edff,scene-0810,8,boston-seaport,n008,40,,Rain. Truck; buses; cars; peds; jaywalker; arrive at intersection
74,8d267899e2e843d4905fafd1f12c0a20,scene-1085,10,singapore-hollandvillage,n015,41,,Night; many peds; parked bicycles; turn left; parked scooters; congestion; peds with bags; cars in parking garage on second floor; trash cans
75,41e0d46e715a476ab05e4d62e415ea41,scene-0700,7,boston-seaport,n008,40,,Overtake stopped cars; arrive at intersection; car overtaking us; barriers; turn right; stopped cars at red light; ped on sidewalk; parking lot; bus stop
76,4047f251c21a475abb49518e0fa6fa9e,scene-0047,1,singapore-onenorth,n015,40,,Construction workers close to road; vehicle turn out; cross intersection
77,5e270cfc71714e2bb94bad445c6159a4,scene-0259,3,boston-seaport,n008,40,,Busy intersection; tram bus; construction sign board; many peds; turn right; parked cars
78,242ac1b59fec4e0c9c200ffca81775e2,scene-0998,9,singapore-queenstown,n015,40,,Night; roundabout; bus; ped crossing crosswalk
79,14b96c255dee4a838a8d401302ac2852,scene-0261,3,boston-seaport,n008,40,,Ped mending a bus; lots of barriers
80,f92422ed4b4e427194a4958ccf15709a,scene-0730,7,boston-seaport,n008,40,,Car overtaking us; cones; cross intersection; parked cars; trailer; peds on sidewalk; wait at intersection
81,f634de95cc7043b8b38ceaac67d472cf,scene-1044,10,singapore-hollandvillage,n015,41,,Night; motorcycles; dense traffic; congestion; arrive at intersection
82,782f9486adbd4546a492e69b6697ef70,scene-0891,8,boston-seaport,n008,40,,Rain; parking lot; parked bicycles; parked cars; bicycle rack; turn left; peds; ped crossing crosswalk; cross intersection; barriers
83,221a67d95acf448ba863917ec4d32ed0,scene-0733,7,boston-seaport,n008,40,,Wait at intersection; parked cars; bicycle; parked motorcycle; peds on sidewalks; truck; bus; cones
84,55638ae3a8b34572aef756ee7fbce0df,scene-0517,5,boston-seaport,n008,40,,Construction zone; constructing vehicles; pedestrian; parking lot
85,e15260c4ed5b4505900d497ef92ddd2d,scene-0876,8,boston-seaport,n008,40,,Rain; construction site; cones; barriers; construction worker; parked cars; parking lot; bridge; peds
86,8461c1125eaf46c7abaf4ee18e8c4ee6,scene-0949,9,singapore-onenorth,n015,40,,Parking lot; barriers; people at parking lot; parked bicycle; cones; peds; jaywalker
87,e1e664292aa144bc8d0d5d6441df084c,scene-0809,8,boston-seaport,n008,40,,Truck; cars; cones; trailer; car overtaking us; bus
88,9771da5dd7bb4657be34365619e39dab,scene-1096,10,singapore-hollandvillage,n015,41,,Night; wait at intersection; peds crossing crosswalk; scooter
89,df8dfada99a04a81bd1b102eeb84e9bc,scene-0737,7,boston-seaport,n008,40,,Barrier; cyclist; parked motorcycle; parked bus; cones; truck
90,94f224a2a36c4bbbab59120cc6c31f6e,scene-0150,2,singapore-onenorth,n015,39,,Oncoming scooter; scooters; busy intersection; walking peds
91,8e1f7ff7dc9940da8eeca3c06ae1aa4d,scene-0203,2,boston-seaport,n008,40,,Construction; bus; turn right; crane; parked cars; ped crossing crosswalk; ped with backpack; parking lot
92,6e820d4c44b74793aacd0c7091488865,scene-1005,9,singapore-queenstown,n015,40,,Night; bus; peds; crosswalk; parking lot
93,8fe2dd6f533646b39c8e81316597c52b,scene-0982,9,singapore-onenorth,n015,41,,Truck; barrier; many peds; cones; cars; wait behind intersection; construction vehicle; arrive at intersection
94,08110c8640454affb5167801442a85fd,scene-0653,6,boston-seaport,n008,41,,Parked cars; jaywalkers; parked truck
95,1b3b150c9d3e4e1593e7ce882a69f870,scene-0707,7,boston-seaport,n008,40,,Construction; peds on sidewalk; arrive at intersection; bicyclist on sidewalk; cross intersection; bus stop; parked cars
96,04e5f089805540a5a9e73c1b7c54ee8c,scene-1102,10,singapore-hollandvillage,n015,40,,Night; rain; scooter; cars; high speed; cross intersection; arrive at intersection
97,5b9c64f03f8b4a4f8189a18d74f866c2,scene-0663,7,boston-seaport,n008,40,,Parked cars; turn left; parked bicycles; construction vehicle
98,ab7f4909bc6c4841a12020355a7d505c,scene-0656,7,boston-seaport,n008,40,,Parked cars; jaywalker; parked bicycle; parking lot
99,862a468e56954dc9a833a9eb3ebd884b,scene-0508,5,boston-seaport,n008,41,,Construction zone; roundabout junction
100,26c089d84086473e87607ae5c6ae85c6,scene-1081,10,singapore-hollandvillage,n015,40,,Night; rain; big street; congestion; cars; scooter; arrive at intersection
101,cf652a711c8e40209132036a95162fed,scene-0858,8,singapore-queenstown,n015,40,,Bus; cars; motorcycles; turn left; peds on sidewalk
102,3014465d5958427aac89c4f15b6050dd,scene-0893,8,boston-seaport,n008,40,,Rain; parked cars; peds; cross intersection; cones; ped crossing crosswalk; parked bicycles; cones
103,363bb6c0fdaf465aa54c39f082bb92c6,scene-0286,3,boston-seaport,n008,40,,Wait at intersection; turn right; follow and overtake truck and bus
104,a1b51c02d8414856a86c0c37e4789c2f,scene-0369,4,singapore-onenorth,n015,40,,Start at busy intersection; turn right; multiple scooters crossing
105,cfa36eca40364e5bb15f550a077a21c5,scene-1101,10,singapore-hollandvillage,n015,40,,Night; buses; peds; rain; right turn
106,f0294478e1994642bac453f1e84610df,scene-0357,4,singapore-onenorth,n015,41,,Wait at intersection; digger turning; peds; construction; worker putting down cones
107,6447a9c30b0140d783871b08104ae7b3,scene-0878,8,boston-seaport,n008,40,,Rain; bus; parked cars; parked scooter; parked bicycle; waiting at intersection
108,209e9e9c3a2e4a399c44b6aa8be659d6,scene-0945,9,singapore-onenorth,n015,41,,Enter road; turn left; workers; construction; construction vehicle; bus; back up to avoid cone; turn left; many peds
109,129304d659464b0fb3a51c99eaec114a,scene-0222,3,boston-seaport,n008,40,,Jaywalkers; traffic police; sitting jaywalkers; parked car and peds
110,36e3167610cc48eabcaad06a72479ac7,scene-0462,5,boston-seaport,n008,41,,Rain; cross intersection; parking lot; construction vehicle
111,6746ba640c0e45c7961efbe6af51757e,scene-0353,4,singapore-onenorth,n015,39,,Start at intersection; cross intersection; construction; parked bicycle; stop at intersection
112,03a8a37d5d444674bae34336e78ac39d,scene-0855,8,singapore-queenstown,n015,41,,Ped on sidewalk; turn right; truck; cars; cross intersection; buses; motorcycle; cones; slope
113,f68ef41fbd1142d3a74f71be605a2227,scene-0698,7,boston-seaport,n008,41,,Pullable object; peds on sidewalk; parked cars; parking lot; truck; arrive at intersection; cone
114,57146b2ebf10432f84b15a3038fe1755,scene-1110,10,singapore-hollandvillage,n015,40,,Night; rain; bus; turn right; peds; bus stop
115,7540f31d12f1439db67a50be7726c70d,scene-0306,3,boston-seaport,n008,40,,Parked cars; bicyclist waiting in the middle of the intersection
116,6b6a24b7ae6b40ee95d60918f7f4cb2e,scene-0873,8,boston-seaport,n008,40,,Rain; waiting at intersection; jaywalkers; peds; parking lot; bus
117,2422d2652f4f42298a389a6e0dfef307,scene-0981,9,singapore-onenorth,n015,41,,Construction workers; cones; many barrier; truck; construction vehicle; many peds; wait; barriers; construction zone
118,cb0cd06a1dd84271968466d7b65e48f8,scene-0067,1,boston-seaport,n008,40,,Exit construction; ped on crosswalk; construction workers; parking lot
119,240d15482599449a9bd0432fbfa688ab,scene-0428,5,singapore-queenstown,n015,41,,Avoid congestion; drive uphill; barriers; peds in sidewalk
120,affb0caa5d2948f98cee5c42c7aefc1c,scene-1084,10,singapore-hollandvillage,n015,41,,Night; scooter; peds; bus stop; parked cars; wait
121,13be0238abba499e95ba4e6404b22223,scene-0875,8,boston-seaport,n008,40,,Rain; wait at intersection; construction; truck turning
122,a6ebe93557f24cf9bcf613dbff0aab24,scene-0686,7,boston-seaport,n008,41,,Many peds; jaywalkers; wait at intersection; peds crossing crosswalk; bicycle; stroller
123,69ee276c40644ddbb7fe21c613cd7689,scene-0321,3,boston-seaport,n008,40,,Ped; heavy traffic flow; peds; parked car
124,fdf4384c1fce4a16aad939d8417bccd6,scene-0378,4,singapore-onenorth,n015,40,,Construction zone; excavator; workers; nature; parked buses; ped
125,a5003bf9af8545a3a4c7f1f5604e8d3b,scene-0851,8,singapore-queenstown,n015,40,,Cones; cross intersection; construction vehicle; truck; many peds
126,fd4ef697de684d0a8e016a8f8ae61193,scene-0896,9,boston-seaport,n008,40,,Rain; parked cars; peds; construction; fence; flooded road; construction vehicle; truck; parked motorcycles; narrow street; bus; parking lot
127,433a14f8dcf5457fb2c4def5c749122a,scene-0057,1,singapore-onenorth,n015,39,,Jaywalkers; parked bike and scooter; parked car on the main road
128,fb20ca9935c4439e8125ba830abcf9dc,scene-0712,7,boston-seaport,n008,40,,Cones; cars; peds on sidewalk; truck; construction vehicle; arrive at intersection; cross intersection; change lane; pole; bridge
129,1be49200788d4e38ae4496b27b233ccb,scene-1093,10,singapore-hollandvillage,n015,41,,Night; wait at intersection; peds crossing crosswalk; peds sidewalk; personal mobility device
130,30e77a3561ce4f1bb4fd90e322ea29d7,scene-0066,1,boston-seaport,n008,39,,Parking lots; parked truck; construction; congestion; worker directing traffic; passing cars
131,d0de3bf834b747179080898725b0f21d,scene-0385,4,singapore-onenorth,n015,40,,Turn left; construction; peds; parked bicycle; turn left
132,e209e66ff7834490b212c16cb12a1ce9,scene-0719,7,boston-seaport,n008,40,,Jaywalkers; parked cars; parked trucks; cones; wait at intersection; peds on sidewalk; turn right; cross crosswalk; motorcycle
133,2a721a8d80e04e4e82709e6150f5196a,scene-0437,5,singapore-queenstown,n015,40,,Low traffic; cross intersection; crosswalk; truck; bus
134,c4ab236557c8423caa8add5fb48a0898,scene-0596,6,boston-seaport,n008,41,,Rain; wait at intersection; start at intersection; peds; large truck; dog; turn left
135,04061484361145f5ac6f90a5103b84a6,scene-0194,2,singapore-onenorth,n015,40,,Parked car starts to move; two bicycles lying in grass; construction zone; speed reduce; peds
136,bebf5f5b2a674631ab5c88fd1aa9e87a,scene-0655,6,boston-seaport,n008,41,,Parking lot; parked cars; jaywalker; bendy bus; gardening vehicles
137,865c607c8ef44f13b39744a0de110740,scene-1074,10,singapore-hollandvillage,n015,40,,Night; rain; high speed; bus stop; bus; peds; parked bicycle
138,eae0cfe3be5f44a5be4f3e2c961397ed,scene-0225,3,boston-seaport,n008,40,,Wait at intersection; construction; peds crossing crosswalk; turn right; parking lot
139,60111bb5388f4195b98555d4d4b89618,scene-0224,3,boston-seaport,n008,39,,Peds crossing crosswalk; arrive at intersection; barrier; ped with backpack; heavy truck
140,4f679c8f8f6d4f5d8466253dda4733ba,scene-1046,10,singapore-hollandvillage,n015,40,,Night; wait at intersection; dense traffic; motorcycle; bus
141,ea68050d37ea40688241b2dc361ec886,scene-0852,8,singapore-queenstown,n015,41,,Many peds; jaywalkers; cars; parked motorcycle; truck; arrive at intersection
142,e8bda599a2d44d76a7692caeacb1ba6e,scene-0668,7,boston-seaport,n008,41,,Parked bus; crane; construction
143,f123185f3bb64faebc08d4453aec2659,scene-0304,3,boston-seaport,n008,39,,Cross intersection; turning truck; parked truck
144,2f093cad7209436aa06e103bfe062857,scene-0355,4,singapore-onenorth,n015,39,,Construction worker; construction; blocking us; then giving sign to start
145,5890face846e47a899246159b7c30bd7,scene-0538,6,boston-seaport,n008,41,,Ton of pedestrians in park; parking lot; parked motorcycles; parked bicycles; jaywalkers
146,e233467e827140efa4b42d2b4c435855,scene-1100,10,singapore-hollandvillage,n015,40,,Night; peds in sidewalk; peds cross crosswalk; scooter; PMD; difficult lighting
147,c133e78e55ae487c821803a3b183d1ab,scene-0696,7,boston-seaport,n008,40,,Cones; parked cars; ped crossing crosswalk
148,0287702725184161af95373198546a59,scene-0587,6,boston-seaport,n008,41,,Rain; wait at intersection; truck
149,88abbe4f3b37466791b2ae58490044d9,scene-0427,5,singapore-queenstown,n015,41,,Parking lot; many peds; bump; buses; congestion
150,23e33c8bba1f411ba5871dc074f8dbf8,scene-0705,7,boston-seaport,n008,40,,Wait at intersection; truck; peds crossing crosswalk; ped on sidewalk; bicycles on sidewalk; cyclists
151,e3b6fe9201c64334be311d4249a0c80e,scene-1104,10,singapore-hollandvillage,n015,41,,Night; truck; rain; cross intersection
152,a2e8f126913b4f72909e06d881dc5a8b,scene-0980,9,singapore-onenorth,n015,41,,Construction; many peds; lane blocked; switch lane; workers; bicycle rack; truck; parked scooter
153,f0f120e4d4b0441da90ec53b16ee169d,scene-0578,6,boston-seaport,n008,41,,Rain; cross intersection
154,ff6af17f52c34e9c9958c64e41fb3786,scene-0658,7,boston-seaport,n008,40,,Wait at intersection; peds crossing crosswalk; scooter; turn left; heavy truck; bus stop
155,aee27b55da77468ba444357348f5cf88,scene-0507,5,boston-seaport,n008,41,,Parked cars; peds; construction zone; oncoming truck; peds walking on road
156,7deb4760e2244f32b57f9d631b535b66,scene-0006,1,singapore-onenorth,n015,40,,Sitting construction worker; parked bicycle; ped walking along road; construction vehicle; worker sitting on back of van
157,38b3010304734913bb148d17ebbc352b,scene-0645,6,boston-seaport,n008,41,,Rain; parked cars; wait at intersection; ped crossing crosswalk; turn right; truck
158,261e8288cf5647e396ab584e210e4ba1,scene-0439,5,singapore-queenstown,n015,41,,Parking lot; peds; parked bicycle
159,4c5c675340d14cd88a65b5e22eb9c9c1,scene-0901,9,boston-seaport,n008,41,,Rain; parked cars; parking lot; peds; ped crossing crosswalk
160,0e247ba64b9d4a34a7256b6c173b1b5d,scene-0816,8,boston-seaport,n008,41,,Rain; cones; cars; barrier; trailers; trucks; peds on sidewalk; cross roundabout; bird
161,54cdaaae372d421fa4734d66f51a8c48,scene-0368,4,singapore-onenorth,n015,40,,Arrive at busy intersection
162,26540bfbab79463cb1ba76b52ec6013b,scene-0285,3,boston-seaport,n008,40,,Cross intersection; construction; barriers; construction worker walking along the barriers
163,28db6ee9a8d34e9e88e741817b6733c1,scene-0591,6,boston-seaport,n008,41,,Rain; cross intersection; wait at intersection; statues
164,d25718445d89453381c659b9c8734939,scene-1077,10,singapore-hollandvillage,n015,41,,Night; big street; bus stop; high speed; construction vehicle
165,9a1188aba4bf458c8220818a6c0be55a,scene-0058,1,singapore-onenorth,n015,39,,Construction; strange cleaning vehicle parked on our lane
166,64a3a2d22172406c848f2a92275808ba,scene-0465,5,boston-seaport,n008,41,,Rain; start at intersection; wet ground; traffic cone loaded on a truck; car overtaking us
167,66461d94f2e44d39a90843ff2dce11e8,scene-0594,6,boston-seaport,n008,40,,Rain; turn right; arrive at intersection; big trucks
168,ced236f5da704cbcb41249bb6ecc8b68,scene-0401,4,singapore-hollandvillage,n015,40,,Turn right; residential area; construction; narrow road; motorcycle
169,bed12977df5a41dcb97ac69eeae3682c,scene-0445,5,boston-seaport,n008,40,,Rain; parking lot
170,c6072dd4f7cc47efaad77889aa465ad6,scene-0860,8,singapore-queenstown,n015,41,,Parking lot; peds on sidewalk; jaywalker; parked bicycle; arrive at intersection; wait
171,2fc3753772e241f2ab2cd16a784cc680,scene-0757,7,boston-seaport,n008,41,,Arrive at busy intersection; bus; wait at intersection; bicycle; peds
172,c3e0e9f6ee8d4170a3d22a6179f1ca3a,scene-0002,1,singapore-onenorth,n015,40,,Intersection; peds; waiting vehicle; parked motorcycle at parking lot
173,aa54277d163d419b9f952b014112643e,scene-0806,8,boston-seaport,n008,41,,Rain; Wait at intersection; ped push a bicycle; cars; truck; peds on sidewalk; bus
174,2175d0e84f224ea69907e5c338bde395,scene-1048,10,singapore-hollandvillage,n015,40,,Night; dense traffic; congestion; motorcycle; turn right
175,e02aee6f1fec4d13ad77044466da5fb4,scene-0641,6,boston-seaport,n008,40,,Rain; cross intersection; parked cars; change lane; arrive at intersection
176,c0990deaa8954a54afc86f7710f349a1,scene-0862,8,singapore-queenstown,n015,40,,Motorcycles; parked bicycle; cross intersection; peds crossing crosswalk; car passing by; peds sidewalk
177,e323a27a0ba94ab5ab11010d778cd41f,scene-0666,7,boston-seaport,n008,41,,Parking lot; jaywalker
178,010fb5bcc7984d0f8f07f99e02366df1,scene-0471,5,boston-seaport,n008,40,,Rain; parked cars; construction
179,fee7ac5f5c1e4943877cd20d6e069427,scene-1021,10,singapore-queenstown,n015,40,,Night; peds in dark; arrive at intersection; bus
180,deab903b0b644d7a984c552968026631,scene-0735,7,boston-seaport,n008,40,,Cross intersection; flags; stopped bus; parked vehicles; peds; bicycle rack; parking lot; cross intersection; parked bicycle
181,0b8948ee96ac46faad405bf1ffc70bb1,scene-0570,6,boston-seaport,n008,40,,Rain; wait at intersection; turn right; bus; truck; many parked trucks
182,2f0e54af35964a3fb347359836bec035,scene-0539,6,boston-seaport,n008,41,,Jaywalkers; bicycle racks; bus; parked scooters; parked bicycles; many peds; cross intersection
183,a4fe925930de41489b12b85b77d2f0cb,scene-0952,9,singapore-onenorth,n015,40,,Parked vehicles; construction worker; parked bicycle; peds; parked vehicles; jaywalkers; ped carrying object; ped with backpack; cross intersection
184,ef5f216134a94e308697ab4c75402a20,scene-0129,2,singapore-onenorth,n015,40,,Parking lot; cross crosswalk; go over bump; construction; peds; scooter on main road
185,727214583a2a478094d4f093d20c7060,scene-0902,9,boston-seaport,n008,40,,Rain; parked cars; parked bicycle; parked scooter; bus; cones; peds
186,19640fe4b6894f97b16e0faad51432b4,scene-1024,10,singapore-queenstown,n015,40,,Night; peds; bus
187,ab8bf18dfce14db4b8213b88f5dc1429,scene-0287,3,boston-seaport,n008,40,,Overtake heavy truck; stopped motorcycle; parking lot; peds; arrive at intersection
188,53d4c9a634df4fdfadf057d3a216e98f,scene-0685,7,boston-seaport,n008,41,,Wait at crosswalk; many peds; turn right; peds crossing crosswalk; bus; sitting peds
189,3bc4553925494890a21ef7a15c40eaed,scene-0297,3,boston-seaport,n008,39,,Right turn; peds crossing; cross intersection; cyclist
190,c0cb50847c3949a0b4baf2e200ac897c,scene-0070,1,boston-seaport,n008,40,,Peds; ped with bag; bus stop; parking lot; turn right; follow cyclist; trailers; turn left
191,7e3a6bdd6c6f4c8fb018cff404974446,scene-0022,1,singapore-onenorth,n015,40,,Barriers; construction; lane switch; turn left
192,59ff984c3143486da7d2c4ffec023b36,scene-0291,3,boston-seaport,n008,39,,Big street; construction; SUV overtaking
193,65cfdc10a42e499ea704c617e077afe0,scene-0894,9,boston-seaport,n008,40,,Rain; parked cars; peds; cones; jaywalker; parked bicycle; turn left
194,bed8426a524d45afab05b19cf02386b2,scene-0124,2,singapore-onenorth,n015,40,,Many peds; parked buses; parked cars
195,29dee0b8210b410a9b3421f0cb39019f,scene-1014,10,singapore-queenstown,n015,41,,Night; bump; cars; turn right; bus; peds; ped in dark
196,590b4e5a4f94426ab3b1a66f35e140d5,scene-0588,6,boston-seaport,n008,40,,Rain; turn right; parking lot
197,59530445fcc04c2090bfaf63f342f794,scene-0065,1,boston-seaport,n008,40,,Wait at intersection; truck; peds; turn right; parking lot
198,4959ccdac5774a088d0c9e10667f09f1,scene-0256,3,boston-seaport,n008,39,,Pass by a jaywalker; parked car; stopped at red light
199,1466f33b56704942a368fa03d10708dd,scene-0695,7,boston-seaport,n008,40,,Parked cars; peds; bicycle racks; cones; through intersection
200,e631037169574c67944176bf079ee75c,scene-1050,10,singapore-hollandvillage,n015,40,,Night; many trash cans; followed by scooter; bus; truck; parked bicycle; bus stop; motorcycle; high speed
201,aa45d94630be481787f20121ce89a605,scene-0258,3,boston-seaport,n008,40,,Parked cars; cone; active cars; construction vehicle
202,48ba943c3d19463a81281bf6a7078eac,scene-0463,5,boston-seaport,n008,40,,Rain; FedEx truck loaded on trailer; true cone loaded on a van; arrive at intersection; parked cars; several active trucks
203,01796494e25c448dadaba70cfcc3532d,scene-0854,8,singapore-queenstown,n015,40,,Lane change; dense traffic; buses; cars; ped; arrive at intersection
204,8dd4349e80c345afac455cf76074f028,scene-0365,4,singapore-onenorth,n015,40,,Jaywalker; offloading truck; parked bicycle
205,1ad821fcfc9f4c24bb879ec7d5ba0ec1,scene-0706,7,boston-seaport,n008,41,,Cross intersection; cars; cones; cars overtaking us; cyclist on sidewalk
206,3289046b886f4c98a676bd7e6a3c6ef1,scene-0886,8,boston-seaport,n008,41,,Rain; peds; truck; ships; cones; parked cars; barriers; arrive at intersection
207,8d8728879b89405eba3f8ce1af138cb2,scene-1045,10,singapore-hollandvillage,n015,41,,Night; wait at intersection; dense traffic; motorcycles; truck
208,cf550d9670274ac1a7f274fbacb39c48,scene-0048,1,singapore-onenorth,n015,40,,Construction; narrow road; construction workers; heavy construction vehicles; right turn
209,efe3681f556b43e6aa65bf7bfc61a2f8,scene-0713,7,boston-seaport,n008,40,,Bridge; cars; peds on sidewalk; truck; arrive at intersection; peds crossing crosswalk
210,5dd272b76c3f4e2582040a91f2be2dde,scene-0856,8,singapore-queenstown,n015,41,,Parked buses; parked bicycles; many peds; cone
211,359f9c029ae44e1d9d47c05bc7915561,scene-0041,1,singapore-onenorth,n015,40,,Turn left; arrive at busy intersection; red light
212,d654cae175de44319ace178994ed0329,scene-0262,3,boston-seaport,n008,40,,Peds crossing; turn right; construction
213,89f20737ec344aa48b543a9e005a38ca,scene-1107,10,singapore-hollandvillage,n015,41,,Night; rain; high speed; scooter; dense traffic at other lane
214,555c691be4704ef29559373e031441dd,scene-0718,7,boston-seaport,n008,40,,Jaywalkers; parked cars; parked trucks; cones; wait at intersection; peds on sidewalk
215,daa9fce50073470398da3c2bccdaf21b,scene-0010,1,singapore-onenorth,n015,40,,Parked motorcycle; person pickung up garbage; pass construction vehicles and entrance to construction site
216,faa975eaad804c85bd8f2da9b30c8d9a,scene-1018,10,singapore-queenstown,n015,41,,Night; turn right; cars; bus; bus stop; scooter
217,a6daedc3063b421cb3a05019e545f925,scene-0499,5,boston-seaport,n008,40,,Construction zone; workers; parking lot; park motorcycle
218,20ec831deb0f44e397497198cbe5a97c,scene-0502,5,boston-seaport,n008,41,,Parked truck; right turn; jaywalkers; bike rack; arrive at intersection
219,87a71839e68b46da8e91fb5f21b50c1c,scene-0227,3,boston-seaport,n008,39,,Heavy traffic flow; stopped at red light
220,eba4b7c19b5f48289e105937d03e5222,scene-0381,4,singapore-onenorth,n015,40,,Ped crossing; peds; construction; parked bicycles; turn right
221,1e3f0bd8063a4084b7104345b20bfb80,scene-0469,5,boston-seaport,n008,40,,Rain; truck; cross intersection; ped; parked cars; bicyclist; sign trailer; bicycle rack
222,53e8446852bf488bb1b09ae032918bbd,scene-0889,8,boston-seaport,n008,40,,Rain; wait at intersection; bicycle racks; peds; ped with umbrella; ped crossing crosswalk; ped with bag; parking lot; truck
223,00590cbfa24a430a8c274b51e1c71231,scene-0126,2,singapore-onenorth,n015,40,,Delayed left turn; jaywalker; parking lot; bus stops; parked bicycle; truck; turn right
224,078e6d7a3d4a429bba404bf12c7a98f2,scene-0768,8,boston-seaport,n008,41,,Parked cars; truck overtaking us; peds on sidewalk; bus; turck; construction vehicle; bicycle rack; bicycle; truck
225,4efde86424ea4088a43faeb5158ceabf,scene-0468,5,boston-seaport,n008,41,,Rain; wait at intersection; flipped cone; truck
226,095d9b93b583425f910ae2afaf1d017d,scene-0049,1,singapore-onenorth,n015,39,,Construction; barriers behind net; parked trucks; excavators; turn left
227,797700339b014fb6aa61c1ea3778d587,scene-1022,10,singapore-queenstown,n015,40,,Night; bus; bump; scooter; peds; very dark; lights
228,6308d6d934074a028fc3145eedf3e65f,scene-0293,3,boston-seaport,n008,40,,Construction; parked cars
229,17302a41218442ffbb0b094adb0669ab,scene-0371,4,singapore-onenorth,n015,40,,Peds; parked bus; oncoming scooter; parked bicycles; parked trucks; buses; wait at intersection
230,9056ac9944e846109b00e31cc96259cb,scene-0654,6,boston-seaport,n008,40,,Turn right; crane; policemen on road; parked cars
231,97ba0e14805b42f292db7f06b6d1121b,scene-0456,5,boston-seaport,n008,41,,Rain; parking lot; bicycle rack; turn right; crane
232,34ca95580d2d4c45a68b471d5afb3e27,scene-0792,8,singapore-queenstown,n015,40,,Ped on sidewalk; peds; parked bicycle; stopped double decker bus
233,5a2aac9df32945d183fc81924ff148b6,scene-0961,9,singapore-onenorth,n015,41,,Construction workers; barriers; construction vehicle; parked car; turn right; parked scooter
234,53c92676ef334011bd4689494ac11fa0,scene-0202,2,boston-seaport,n008,39,,Parked cars; jaywalker; peds; parked bicycle
235,66be189398d74681a8b8db4b7dd52259,scene-0670,7,boston-seaport,n008,41,,Wait at intersection; heavy truck; personal mobility device; bus; ped crossing crosswalk
236,de943e246dad4ad686de98008a634ecf,scene-0019,1,singapore-onenorth,n015,40,,Turn left; waiting peds; turn left
237,19f47b8941094af29b8db20b255717fc,scene-0242,3,boston-seaport,n008,40,,Heavy vehs; waiting at intersection for red light; cyclist
238,e5514b8f435e475cac4eba74b44773b5,scene-1106,10,singapore-hollandvillage,n015,40,,Night; rain; high speed; scooter; bus stop; low traffic; bus
239,7937f7d56b5444fd8c55052460e23807,scene-0820,8,boston-seaport,n008,40,,Rain; Cross intersection; cross intersection; parking lots; peds on sidewalk; low traffic density; parked cars
240,e083627747d8499a8c4e94c7abf941e2,scene-0895,9,boston-seaport,n008,41,,Rain; parked cars; cones; peds; car leaving parking garage; cross intersection; construction site; construction vehicle; barrier
241,8383c0b1422b46ad90e2a64ff3e91fcf,scene-0979,9,singapore-onenorth,n015,40,,Many peds; motorcycle; cars; cross intersection; car overtaking us; parked bicycle
242,c949ec2cca7047bdb67dce64b6c3586a,scene-1078,10,singapore-hollandvillage,n015,40,,Night; big street; high speed; scooters; bus; lane change
243,566311b8201e416f9f99463656dcadce,scene-0348,4,singapore-onenorth,n015,40,,Turn right; bus; peds; narrow street
244,1ec0b9bc3eca4b76b2610c519f843762,scene-0500,5,boston-seaport,n008,40,,Left turn; large truck turns right; parked vehicles; parking lot; peds
245,68fc5e3698a544d1bdf5847b88ad77d4,scene-0849,8,singapore-queenstown,n015,40,,Cars; cross intersection; peds on sidewalk; barriers; cars overtaking us
246,b829278aae2747959f2a95423455bbcb,scene-0597,6,boston-seaport,n008,40,,Rain; parked cars; peds and children; parked truck
247,dc8302cfccdb4812a0a4a60dde595e18,scene-0764,7,boston-seaport,n008,40,,Bicycle; parked cars; parked trucks; follow bicycle; construction vehicle; ped; animal; containers; parking lot
248,b09162caded44198b149b4bce3558056,scene-0865,8,singapore-queenstown,n015,41,,Many peds; parking lot; parked bicycle; bus; parked motorcycles; turn right; cross intersection; stopped truck; people on truck
249,2ba06ef7b3b44cbfad6d771981d86af9,scene-0236,3,boston-seaport,n008,40,,Peds; congestion; parked cars
250,d0880a386b6d434bb5cd13c134af7a3e,scene-0023,1,singapore-onenorth,n015,40,,Overtake parked car; bus turning; motorcycle
251,c59fe8015e3743329ec907bc29c93124,scene-0501,5,boston-seaport,n008,39,,Parked vehicles; right bend; parked truck; jaywalkers; sitting peds
252,fe3aa64e4339456186c38c6308f5fb1a,scene-0708,7,boston-seaport,n008,40,,Parked cars; peds on sidewalk; cones; ped on sidewalk; arrive at intersection; cross intersection
253,270fe8382f884386b3445143fa946200,scene-1011,10,singapore-queenstown,n015,40,,Night; bus; parked cars; peds
254,214008f81b8b4b509c730f0c13e9491f,scene-0714,7,boston-seaport,n008,41,,Wait at intersection; bridge; jaywalkers; peds on sidewalk; peds crossing crosswalk
255,4bcb814456f044919bc052c208dbebc5,scene-0644,6,boston-seaport,n008,40,,Rain; parked cars; parking lot; ped; parked truck; construction vehicle; sign trailer
256,a1ca2ba59ac9452fb3da60019bf32c71,scene-0120,2,singapore-onenorth,n015,40,,Parked motorcycles; parking lot; wait at intersection; truck; ped very close to ego-vehicle
257,567fcd99d0dc4fa088f52b047f4ebdcf,scene-1083,10,singapore-hollandvillage,n015,40,,Night; big street; bus; scooter; turn right
258,453453c849304ad69741891946d46453,scene-0467,5,boston-seaport,n008,40,,Rain; wait at intersection; flipped cone; construction; digger; ped
259,ed97ee6a3b444ba7800641baab057556,scene-0391,4,boston-seaport,n008,40,,Go straight; two bicycles; turn right; two bendy busses
260,6f5133fe62b240e797bac25aeff8b531,scene-0005,1,singapore-onenorth,n015,39,,Overtaken by taxi; construction site
261,724957e51f464a9aa64a16458443786d,scene-0238,3,boston-seaport,n008,40,,Many peds; ped with pet; stopped bicycle; truck; cross intersection; car makes a u-turn; lane changing; peds crossing crosswalk; parked bicycle
262,9c83e438973e4824853e6a38928ca4ff,scene-0429,5,singapore-queenstown,n015,40,,Half-open parking garage; parked scooters; oncoming scooter; parked car; peds; barricade
263,f13bd38bf9b64d579a63d4e7d750f592,scene-0364,4,singapore-onenorth,n015,40,,Followed by scooter; peds; bus stop; parked trucks; bus stop; parked bicycles; bicyclist
264,52fa2df7fde34bd58ee30cff02b73f51,scene-0727,7,boston-seaport,n008,40,,Wait at intersection; peds on sidewalks; parked cars; cones; peds crossing crosswalk
265,dcdea563c77544bb887de11d87619d3c,scene-0888,8,boston-seaport,n008,40,,Rain; peds; truck; cones; parked cars; turn right; parking lot; animal
266,5d5506d750cc41d8bd33840d5350d7ad,scene-0864,8,singapore-queenstown,n015,41,,Car passing by; parking lot; cones; bus passing by; many peds; parked truck
267,9a0d2af517ff44f587c93254ee657215,scene-0303,3,boston-seaport,n008,40,,Cross intersection; construction; large group of cones
268,b0c4f9a7680142d8add66f69e5f20ecb,scene-0454,5,boston-seaport,n008,40,,Rain; turn left; bike rack; parking lot
269,7ed1b613f0ee47ceaf6d19ca3947f825,scene-1109,10,singapore-hollandvillage,n015,39,,Night; rain; bus; lightning
